tag,source,score,wmape_weighted,peak_std_11_12,dec_mean,n_folds,xgb_params
optuna_078,optuna,32.376391692419816,32.33265775931725,0.043733933102567846,29.118994054199813,12,"{""objective"": ""reg:absoluteerror"", ""eval_metric"": ""mae"", ""random_state"": 42, ""n_jobs"": -1, ""tree_method"": ""hist"", ""learning_rate"": 0.1353463149112721, ""n_estimators"": 2900, ""max_depth"": 3, ""min_child_weight"": 4, ""subsample"": 0.9841458289243261, ""colsample_bytree"": 0.6446993323973644, ""reg_lambda"": 6.822172388876352, ""reg_alpha"": 0.06544371038930302, ""gamma"": 1.8959391953521427}"
optuna_053,optuna,32.43919480431385,32.327083481689044,0.1121113226248077,29.02033776882695,12,"{""objective"": ""reg:absoluteerror"", ""eval_metric"": ""mae"", ""random_state"": 42, ""n_jobs"": -1, ""tree_method"": ""hist"", ""learning_rate"": 0.06734788881606991, ""n_estimators"": 2900, ""max_depth"": 4, ""min_child_weight"": 8, ""subsample"": 0.9390852915998682, ""colsample_bytree"": 0.6225693541331038, ""reg_lambda"": 0.9154238820534056, ""reg_alpha"": 1.0165067954058964, ""gamma"": 1.9678856599831955}"
random_017,random,32.521210056735114,32.31070511993041,0.21050493680470586,29.912827293669096,12,"{""objective"": ""reg:absoluteerror"", ""eval_metric"": ""mae"", ""random_state"": 42, ""n_jobs"": -1, ""tree_method"": ""hist"", ""learning_rate"": 0.12135653659433725, ""n_estimators"": 2900, ""max_depth"": 3, ""min_child_weight"": 5, ""subsample"": 0.7076761756649366, ""colsample_bytree"": 0.7016983438434721, ""reg_lambda"": 0.403943097352267, ""reg_alpha"": 1.5504429361182663, ""gamma"": 2.5571213346736097}"
optuna_055,optuna,32.61120556738387,32.16542543573563,0.4457801316482416,28.66266947583398,12,"{""objective"": ""reg:absoluteerror"", ""eval_metric"": ""mae"", ""random_state"": 42, ""n_jobs"": -1, ""tree_method"": ""hist"", ""learning_rate"": 0.09986269314483665, ""n_estimators"": 2900, ""max_depth"": 4, ""min_child_weight"": 7, ""subsample"": 0.9742453793501364, ""colsample_bytree"": 0.7020389980480118, ""reg_lambda"": 0.042295201449711585, ""reg_alpha"": 3.144916709473612, ""gamma"": 1.9342509488197788}"
optuna_075,optuna,32.62872346403713,32.562815920911675,0.06590754312545317,29.385406750386444,12,"{""objective"": ""reg:absoluteerror"", ""eval_metric"": ""mae"", ""random_state"": 42, ""n_jobs"": -1, ""tree_method"": ""hist"", ""learning_rate"": 0.13481368890952847, ""n_estimators"": 2900, ""max_depth"": 4, ""min_child_weight"": 7, ""subsample"": 0.9896027269728331, ""colsample_bytree"": 0.6818725373525558, ""reg_lambda"": 0.06523871764638925, ""reg_alpha"": 0.13589720632804664, ""gamma"": 2.1181338709061728}"
random_042,random,32.65587951520836,31.896409967922605,0.7594695472857586,29.392723555895607,12,"{""objective"": ""reg:absoluteerror"", ""eval_metric"": ""mae"", ""random_state"": 42, ""n_jobs"": -1, ""tree_method"": ""hist"", ""learning_rate"": 0.03361921155350764, ""n_estimators"": 2900, ""max_depth"": 5, ""min_child_weight"": 6, ""subsample"": 0.780928569627059, ""colsample_bytree"": 0.6248993222605825, ""reg_lambda"": 0.7939411319987361, ""reg_alpha"": 2.0939954990711587, ""gamma"": 0.6231048405903902}"
random_002,random,32.682905461946575,32.6521197845937,0.030785677352871337,28.733848888436782,12,"{""objective"": ""reg:absoluteerror"", ""eval_metric"": ""mae"", ""random_state"": 42, ""n_jobs"": -1, ""tree_method"": ""hist"", ""learning_rate"": 0.08813120991239148, ""n_estimators"": 2900, ""max_depth"": 3, ""min_child_weight"": 2, ""subsample"": 0.6972528493983337, ""colsample_bytree"": 0.6439246191834067, ""reg_lambda"": 0.14378641766715392, ""reg_alpha"": 0.004245273083807964, ""gamma"": 0.5732509394820546}"
optuna_099,optuna,32.809481062924846,32.12334069599146,0.6861403669333833,28.59622482053635,12,"{""objective"": ""reg:absoluteerror"", ""eval_metric"": ""mae"", ""random_state"": 42, ""n_jobs"": -1, ""tree_method"": ""hist"", ""learning_rate"": 0.09572627944327819, ""n_estimators"": 2900, ""max_depth"": 4, ""min_child_weight"": 7, ""subsample"": 0.9186553444030232, ""colsample_bytree"": 0.6419612350374977, ""reg_lambda"": 2.0499230826110324, ""reg_alpha"": 1.3676862830698278, ""gamma"": 1.4276560377740923}"
optuna_051,optuna,32.85498541089127,32.739946486804115,0.11503892408715062,28.885819373704212,12,"{""objective"": ""reg:absoluteerror"", ""eval_metric"": ""mae"", ""random_state"": 42, ""n_jobs"": -1, ""tree_method"": ""hist"", ""learning_rate"": 0.07725395581593456, ""n_estimators"": 2900, ""max_depth"": 4, ""min_child_weight"": 10, ""subsample"": 0.9036098054938818, ""colsample_bytree"": 0.6209994195351394, ""reg_lambda"": 0.04980885875318212, ""reg_alpha"": 0.2233233809875364, ""gamma"": 1.8708283289477614}"
optuna_093,optuna,32.89818233224854,32.33393942199016,0.5642429102583761,28.74218285637527,12,"{""objective"": ""reg:absoluteerror"", ""eval_metric"": ""mae"", ""random_state"": 42, ""n_jobs"": -1, ""tree_method"": ""hist"", ""learning_rate"": 0.10510429798149583, ""n_estimators"": 2900, ""max_depth"": 4, ""min_child_weight"": 7, ""subsample"": 0.9115479026897553, ""colsample_bytree"": 0.7709398799219519, ""reg_lambda"": 3.097628392308612, ""reg_alpha"": 1.742807760584612, ""gamma"": 1.762853111179587}"
optuna_029,optuna,32.92211606207713,32.37103938550132,0.5510766765758095,30.219568129898384,12,"{""objective"": ""reg:absoluteerror"", ""eval_metric"": ""mae"", ""random_state"": 42, ""n_jobs"": -1, ""tree_method"": ""hist"", ""learning_rate"": 0.03622803297472095, ""n_estimators"": 2900, ""max_depth"": 5, ""min_child_weight"": 10, ""subsample"": 0.8774789611490662, ""colsample_bytree"": 0.64004622375744, ""reg_lambda"": 0.023340556601921754, ""reg_alpha"": 0.05430373441571459, ""gamma"": 2.578533145034574}"
random_065,random,32.93926338602003,32.26256217852391,0.6767012074961205,28.653933798454258,12,"{""objective"": ""reg:absoluteerror"", ""eval_metric"": ""mae"", ""random_state"": 42, ""n_jobs"": -1, ""tree_method"": ""hist"", ""learning_rate"": 0.042419101753186264, ""n_estimators"": 2900, ""max_depth"": 4, ""min_child_weight"": 3, ""subsample"": 0.7405778930417171, ""colsample_bytree"": 0.8017556120432754, ""reg_lambda"": 0.3217623111720225, ""reg_alpha"": 0.016337590340334315, ""gamma"": 2.10342933701168}"
optuna_072,optuna,32.984744076922844,32.234635567331445,0.7501085095913986,29.505431083745755,12,"{""objective"": ""reg:absoluteerror"", ""eval_metric"": ""mae"", ""random_state"": 42, ""n_jobs"": -1, ""tree_method"": ""hist"", ""learning_rate"": 0.13658620880886177, ""n_estimators"": 2900, ""max_depth"": 4, ""min_child_weight"": 7, ""subsample"": 0.9735615880014616, ""colsample_bytree"": 0.6039106203340827, ""reg_lambda"": 9.231305002744824, ""reg_alpha"": 3.1027812361440237, ""gamma"": 2.071605336230283}"
random_026,random,33.00078991374582,32.14995002779394,0.8508398859518744,28.637822812888373,12,"{""objective"": ""reg:absoluteerror"", ""eval_metric"": ""mae"", ""random_state"": 42, ""n_jobs"": -1, ""tree_method"": ""hist"", ""learning_rate"": 0.030201637521694878, ""n_estimators"": 2900, ""max_depth"": 3, ""min_child_weight"": 6, ""subsample"": 0.9294779301383035, ""colsample_bytree"": 0.6794868646792297, ""reg_lambda"": 0.13144406752965293, ""reg_alpha"": 1.9009354740193245, ""gamma"": 2.330498431972522}"
optuna_087,optuna,33.01305336591338,32.71018446401731,0.30286890189606863,29.621863836865103,12,"{""objective"": ""reg:absoluteerror"", ""eval_metric"": ""mae"", ""random_state"": 42, ""n_jobs"": -1, ""tree_method"": ""hist"", ""learning_rate"": 0.10380754722179576, ""n_estimators"": 2900, ""max_depth"": 4, ""min_child_weight"": 8, ""subsample"": 0.9643360495114998, ""colsample_bytree"": 0.6938002083584149, ""reg_lambda"": 2.496156386580892, ""reg_alpha"": 1.1531076870372146, ""gamma"": 2.3987182849644557}"
optuna_092,optuna,33.0364686226811,33.033259604075624,0.003209018605472665,28.581083478259888,12,"{""objective"": ""reg:absoluteerror"", ""eval_metric"": ""mae"", ""random_state"": 42, ""n_jobs"": -1, ""tree_method"": ""hist"", ""learning_rate"": 0.10266668779183302, ""n_estimators"": 2900, ""max_depth"": 4, ""min_child_weight"": 8, ""subsample"": 0.933516823595415, ""colsample_bytree"": 0.7521529236336171, ""reg_lambda"": 6.918655971668475, ""reg_alpha"": 1.9282760831250403, ""gamma"": 1.7901723257359343}"
random_046,random,33.10822523819527,32.73189627391912,0.3763289642761486,30.53862983776613,12,"{""objective"": ""reg:absoluteerror"", ""eval_metric"": ""mae"", ""random_state"": 42, ""n_jobs"": -1, ""tree_method"": ""hist"", ""learning_rate"": 0.010871715916442336, ""n_estimators"": 2900, ""max_depth"": 8, ""min_child_weight"": 8, ""subsample"": 0.9163960987985644, ""colsample_bytree"": 0.9979784645446867, ""reg_lambda"": 0.7176402242558759, ""reg_alpha"": 3.9319207801520575, ""gamma"": 1.4154942122266887}"
optuna_039,optuna,33.11964516821146,32.45499320593559,0.6646519622758784,29.193170506347503,12,"{""objective"": ""reg:absoluteerror"", ""eval_metric"": ""mae"", ""random_state"": 42, ""n_jobs"": -1, ""tree_method"": ""hist"", ""learning_rate"": 0.059692544132057546, ""n_estimators"": 2900, ""max_depth"": 4, ""min_child_weight"": 15, ""subsample"": 0.8953933767853973, ""colsample_bytree"": 0.9919381085597446, ""reg_lambda"": 0.11549365741028277, ""reg_alpha"": 0.0013046597568755617, ""gamma"": 1.0401158108139157}"
optuna_097,optuna,33.12595550422389,32.59046081233903,0.5354946918848542,29.1832892722972,12,"{""objective"": ""reg:absoluteerror"", ""eval_metric"": ""mae"", ""random_state"": 42, ""n_jobs"": -1, ""tree_method"": ""hist"", ""learning_rate"": 0.0839198513774017, ""n_estimators"": 2900, ""max_depth"": 4, ""min_child_weight"": 10, ""subsample"": 0.9689775482527909, ""colsample_bytree"": 0.7567147226729338, ""reg_lambda"": 8.646234644975307, ""reg_alpha"": 3.7230479394876284, ""gamma"": 1.5130383870046034}"
optuna_076,optuna,33.149237194185,32.76488472451635,0.3843524696686502,28.45357528709087,12,"{""objective"": ""reg:absoluteerror"", ""eval_metric"": ""mae"", ""random_state"": 42, ""n_jobs"": -1, ""tree_method"": ""hist"", ""learning_rate"": 0.13735362346567329, ""n_estimators"": 2900, ""max_depth"": 4, ""min_child_weight"": 6, ""subsample"": 0.9974050128147429, ""colsample_bytree"": 0.7198220426666981, ""reg_lambda"": 6.675247026053955, ""reg_alpha"": 0.12652759011412673, ""gamma"": 2.1246800282197067}"
random_028,random,33.159131302884404,32.5341810621274,0.6249502407570046,29.07128550454583,12,"{""objective"": ""reg:absoluteerror"", ""eval_metric"": ""mae"", ""random_state"": 42, ""n_jobs"": -1, ""tree_method"": ""hist"", ""learning_rate"": 0.013126507280289282, ""n_estimators"": 2900, ""max_depth"": 5, ""min_child_weight"": 9, ""subsample"": 0.9582755432719667, ""colsample_bytree"": 0.8130157261919109, ""reg_lambda"": 3.252974177946075, ""reg_alpha"": 0.001666066060853502, ""gamma"": 2.2709141887461746}"
optuna_023,optuna,33.16913750147899,32.51491436195701,0.6542231395219786,29.08370835241158,12,"{""objective"": ""reg:absoluteerror"", ""eval_metric"": ""mae"", ""random_state"": 42, ""n_jobs"": -1, ""tree_method"": ""hist"", ""learning_rate"": 0.09706837300415602, ""n_estimators"": 2900, ""max_depth"": 4, ""min_child_weight"": 12, ""subsample"": 0.7879259337101081, ""colsample_bytree"": 0.7397775078853439, ""reg_lambda"": 0.06162978657499875, ""reg_alpha"": 0.010481810072965008, ""gamma"": 2.53772307757257}"
random_048,random,33.18654888224471,32.82605602121335,0.36049286103136374,29.78147747767875,12,"{""objective"": ""reg:absoluteerror"", ""eval_metric"": ""mae"", ""random_state"": 42, ""n_jobs"": -1, ""tree_method"": ""hist"", ""learning_rate"": 0.06385819491491607, ""n_estimators"": 2900, ""max_depth"": 4, ""min_child_weight"": 9, ""subsample"": 0.8890213251821995, ""colsample_bytree"": 0.987425042811451, ""reg_lambda"": 0.6580731295141781, ""reg_alpha"": 0.001716725447905042, ""gamma"": 0.1924580741607671}"
random_022,random,33.19204500046326,32.39458895667791,0.7974560437853517,28.91368753773792,12,"{""objective"": ""reg:absoluteerror"", ""eval_metric"": ""mae"", ""random_state"": 42, ""n_jobs"": -1, ""tree_method"": ""hist"", ""learning_rate"": 0.1016345001336413, ""n_estimators"": 2900, ""max_depth"": 3, ""min_child_weight"": 7, ""subsample"": 0.9477965486951024, ""colsample_bytree"": 0.8238131282168256, ""reg_lambda"": 0.015309469142743868, ""reg_alpha"": 0.00012586652350685365, ""gamma"": 1.8413707636544239}"
optuna_035,optuna,33.20841748426914,32.584172132653904,0.6242453516152358,29.29067830448221,12,"{""objective"": ""reg:absoluteerror"", ""eval_metric"": ""mae"", ""random_state"": 42, ""n_jobs"": -1, ""tree_method"": ""hist"", ""learning_rate"": 0.03853103266059895, ""n_estimators"": 2900, ""max_depth"": 4, ""min_child_weight"": 14, ""subsample"": 0.8220945804624364, ""colsample_bytree"": 0.6561995892869351, ""reg_lambda"": 0.04299900838549059, ""reg_alpha"": 0.2108231046790004, ""gamma"": 2.9634275714306617}"
random_040,random,33.20882470130943,32.42397424507931,0.7848504562301266,28.95255884024841,12,"{""objective"": ""reg:absoluteerror"", ""eval_metric"": ""mae"", ""random_state"": 42, ""n_jobs"": -1, ""tree_method"": ""hist"", ""learning_rate"": 0.05411526733496175, ""n_estimators"": 2900, ""max_depth"": 3, ""min_child_weight"": 6, ""subsample"": 0.863488828171507, ""colsample_bytree"": 0.8069924331708692, ""reg_lambda"": 5.56167700106287, ""reg_alpha"": 0.001936004967978628, ""gamma"": 0.07495189467610741}"
random_024,random,33.23142833496693,32.162537077482895,1.0688912574840317,28.772736474372774,12,"{""objective"": ""reg:absoluteerror"", ""eval_metric"": ""mae"", ""random_state"": 42, ""n_jobs"": -1, ""tree_method"": ""hist"", ""learning_rate"": 0.018022795830553384, ""n_estimators"": 2900, ""max_depth"": 3, ""min_child_weight"": 1, ""subsample"": 0.8261422487803132, ""colsample_bytree"": 0.8278731267259117, ""reg_lambda"": 0.014017949232594924, ""reg_alpha"": 0.5691580178476416, ""gamma"": 1.2542347428994198}"
optuna_096,optuna,33.23783094243573,32.878134594102676,0.35969634833305614,29.740460833270525,12,"{""objective"": ""reg:absoluteerror"", ""eval_metric"": ""mae"", ""random_state"": 42, ""n_jobs"": -1, ""tree_method"": ""hist"", ""learning_rate"": 0.10960214155597711, ""n_estimators"": 2900, ""max_depth"": 3, ""min_child_weight"": 8, ""subsample"": 0.9604030460892226, ""colsample_bytree"": 0.7294753746736923, ""reg_lambda"": 2.5920736581146526, ""reg_alpha"": 1.043096116219882, ""gamma"": 1.6805462030357017}"
random_064,random,33.241780361596945,32.126353100053365,1.1154272615435767,28.452021102888082,12,"{""objective"": ""reg:absoluteerror"", ""eval_metric"": ""mae"", ""random_state"": 42, ""n_jobs"": -1, ""tree_method"": ""hist"", ""learning_rate"": 0.013405655394605408, ""n_estimators"": 2900, ""max_depth"": 3, ""min_child_weight"": 1, ""subsample"": 0.760772267856904, ""colsample_bytree"": 0.6172987848548235, ""reg_lambda"": 0.05474911115473675, ""reg_alpha"": 0.0009642800627692732, ""gamma"": 0.8480418291350372}"
random_012,random,33.24295574644097,32.317605305645415,0.9253504407955577,29.500027308755968,12,"{""objective"": ""reg:absoluteerror"", ""eval_metric"": ""mae"", ""random_state"": 42, ""n_jobs"": -1, ""tree_method"": ""hist"", ""learning_rate"": 0.013478139190627883, ""n_estimators"": 2900, ""max_depth"": 5, ""min_child_weight"": 2, ""subsample"": 0.6350718488563108, ""colsample_bytree"": 0.9989103153660672, ""reg_lambda"": 6.437029531641641, ""reg_alpha"": 0.00011947914341018486, ""gamma"": 1.5364095437143432}"
optuna_057,optuna,33.25663152948149,32.42233109036747,0.8343004391140139,29.742171161526326,12,"{""objective"": ""reg:absoluteerror"", ""eval_metric"": ""mae"", ""random_state"": 42, ""n_jobs"": -1, ""tree_method"": ""hist"", ""learning_rate"": 0.11680167964585364, ""n_estimators"": 2900, ""max_depth"": 4, ""min_child_weight"": 8, ""subsample"": 0.9791758059726329, ""colsample_bytree"": 0.6293913284783946, ""reg_lambda"": 18.2722765979017, ""reg_alpha"": 4.844627932545547, ""gamma"": 2.0254364743766002}"
optuna_043,optuna,33.25766318535236,32.71041586487007,0.5472473204822823,28.234987032238497,12,"{""objective"": ""reg:absoluteerror"", ""eval_metric"": ""mae"", ""random_state"": 42, ""n_jobs"": -1, ""tree_method"": ""hist"", ""learning_rate"": 0.04547806363559088, ""n_estimators"": 2900, ""max_depth"": 3, ""min_child_weight"": 12, ""subsample"": 0.8901765091650806, ""colsample_bytree"": 0.8088350883228251, ""reg_lambda"": 0.5227939243411363, ""reg_alpha"": 0.0011269854702627964, ""gamma"": 1.2916205825110003}"
optuna_031,optuna,33.259245895622584,32.590818231816726,0.6684276638058588,29.63089925902026,12,"{""objective"": ""reg:absoluteerror"", ""eval_metric"": ""mae"", ""random_state"": 42, ""n_jobs"": -1, ""tree_method"": ""hist"", ""learning_rate"": 0.054383894562704, ""n_estimators"": 2900, ""max_depth"": 4, ""min_child_weight"": 10, ""subsample"": 0.8735000502081529, ""colsample_bytree"": 0.6481072909096723, ""reg_lambda"": 0.02427922750562385, ""reg_alpha"": 0.053149817041473424, ""gamma"": 2.607951215803927}"
random_034,random,33.26453573961736,31.998792322937696,1.2657434166796608,28.14708081859052,12,"{""objective"": ""reg:absoluteerror"", ""eval_metric"": ""mae"", ""random_state"": 42, ""n_jobs"": -1, ""tree_method"": ""hist"", ""learning_rate"": 0.013774259845890768, ""n_estimators"": 2900, ""max_depth"": 3, ""min_child_weight"": 8, ""subsample"": 0.7812045793009688, ""colsample_bytree"": 0.6760028565133186, ""reg_lambda"": 0.05249692210112829, ""reg_alpha"": 0.0030058817289832186, ""gamma"": 0.8726975265524883}"
random_045,random,33.268085678356236,32.46925490802871,0.798830770327529,28.44482960533115,12,"{""objective"": ""reg:absoluteerror"", ""eval_metric"": ""mae"", ""random_state"": 42, ""n_jobs"": -1, ""tree_method"": ""hist"", ""learning_rate"": 0.01685041838710716, ""n_estimators"": 2900, ""max_depth"": 3, ""min_child_weight"": 7, ""subsample"": 0.9777803928566865, ""colsample_bytree"": 0.7794844127089946, ""reg_lambda"": 6.61504966976478, ""reg_alpha"": 0.00114813085768734, ""gamma"": 1.0647188121257614}"
optuna_016,optuna,33.28450163582084,32.70506133019431,0.5794403056265237,30.30048874354545,12,"{""objective"": ""reg:absoluteerror"", ""eval_metric"": ""mae"", ""random_state"": 42, ""n_jobs"": -1, ""tree_method"": ""hist"", ""learning_rate"": 0.12666524992166653, ""n_estimators"": 2900, ""max_depth"": 4, ""min_child_weight"": 13, ""subsample"": 0.7792366116605901, ""colsample_bytree"": 0.6566336966609405, ""reg_lambda"": 0.03824425531610735, ""reg_alpha"": 0.3627013007684184, ""gamma"": 2.3871440271754074}"
optuna_054,optuna,33.318288217181234,32.31531613676102,1.0029720804202151,29.19376759861434,12,"{""objective"": ""reg:absoluteerror"", ""eval_metric"": ""mae"", ""random_state"": 42, ""n_jobs"": -1, ""tree_method"": ""hist"", ""learning_rate"": 0.07352859486520652, ""n_estimators"": 2900, ""max_depth"": 4, ""min_child_weight"": 6, ""subsample"": 0.9388150257054478, ""colsample_bytree"": 0.6213134151043095, ""reg_lambda"": 1.1532599858179835, ""reg_alpha"": 1.0271431308547818, ""gamma"": 1.7986504325957757}"
random_069,random,33.32262330767078,31.82692011400507,1.4957031936657135,29.101544093195876,12,"{""objective"": ""reg:absoluteerror"", ""eval_metric"": ""mae"", ""random_state"": 42, ""n_jobs"": -1, ""tree_method"": ""hist"", ""learning_rate"": 0.09218628777999172, ""n_estimators"": 2900, ""max_depth"": 3, ""min_child_weight"": 14, ""subsample"": 0.723138607179242, ""colsample_bytree"": 0.9939532255614322, ""reg_lambda"": 0.33276405262054126, ""reg_alpha"": 0.0005728311712516923, ""gamma"": 0.5734662447607244}"
random_021,random,33.34849328789135,31.996469266636083,1.3520240212552672,28.37118720115983,12,"{""objective"": ""reg:absoluteerror"", ""eval_metric"": ""mae"", ""random_state"": 42, ""n_jobs"": -1, ""tree_method"": ""hist"", ""learning_rate"": 0.010632070552684376, ""n_estimators"": 2900, ""max_depth"": 3, ""min_child_weight"": 4, ""subsample"": 0.6548554798838375, ""colsample_bytree"": 0.603237472444074, ""reg_lambda"": 0.029320651670170693, ""reg_alpha"": 0.00010093823692790826, ""gamma"": 2.480399988074467}"
random_060,random,33.350364909991356,32.607260564483326,0.7431043455080275,28.91133596368794,12,"{""objective"": ""reg:absoluteerror"", ""eval_metric"": ""mae"", ""random_state"": 42, ""n_jobs"": -1, ""tree_method"": ""hist"", ""learning_rate"": 0.012303159430557622, ""n_estimators"": 2900, ""max_depth"": 4, ""min_child_weight"": 2, ""subsample"": 0.991508494443956, ""colsample_bytree"": 0.6642153947212379, ""reg_lambda"": 1.099061028308434, ""reg_alpha"": 0.010261230702086423, ""gamma"": 2.7890905735252733}"
optuna_036,optuna,33.35365324147987,32.432951938645814,0.9207013028340563,30.16124726915678,12,"{""objective"": ""reg:absoluteerror"", ""eval_metric"": ""mae"", ""random_state"": 42, ""n_jobs"": -1, ""tree_method"": ""hist"", ""learning_rate"": 0.025021691360040253, ""n_estimators"": 2900, ""max_depth"": 5, ""min_child_weight"": 14, ""subsample"": 0.8215047238873161, ""colsample_bytree"": 0.6862832542184638, ""reg_lambda"": 0.06587842292430902, ""reg_alpha"": 0.14329957269576937, ""gamma"": 2.9421889854073724}"
optuna_014,optuna,33.3554156559554,32.29480650645495,1.0606091495004535,29.436134415687746,12,"{""objective"": ""reg:absoluteerror"", ""eval_metric"": ""mae"", ""random_state"": 42, ""n_jobs"": -1, ""tree_method"": ""hist"", ""learning_rate"": 0.09083642005367193, ""n_estimators"": 2900, ""max_depth"": 4, ""min_child_weight"": 9, ""subsample"": 0.7619528352234127, ""colsample_bytree"": 0.6052561262871233, ""reg_lambda"": 0.033455375738399955, ""reg_alpha"": 0.007253751466023706, ""gamma"": 2.3534758920965593}"
random_009,random,33.391107217189415,31.54078809972506,1.8503191174643585,28.864929245062477,12,"{""objective"": ""reg:absoluteerror"", ""eval_metric"": ""mae"", ""random_state"": 42, ""n_jobs"": -1, ""tree_method"": ""hist"", ""learning_rate"": 0.1294597424358852, ""n_estimators"": 2900, ""max_depth"": 3, ""min_child_weight"": 3, ""subsample"": 0.6018270225829578, ""colsample_bytree"": 0.8132273669611374, ""reg_lambda"": 1.1595127595547594, ""reg_alpha"": 0.10943349999864965, ""gamma"": 1.2030068675603003}"
optuna_045,optuna,33.39438335082585,32.6991850597079,0.6951982911179477,28.79786133966092,12,"{""objective"": ""reg:absoluteerror"", ""eval_metric"": ""mae"", ""random_state"": 42, ""n_jobs"": -1, ""tree_method"": ""hist"", ""learning_rate"": 0.02740303157362909, ""n_estimators"": 2900, ""max_depth"": 3, ""min_child_weight"": 14, ""subsample"": 0.89062329504342, ""colsample_bytree"": 0.8264798063879703, ""reg_lambda"": 1.4127827422291177, ""reg_alpha"": 0.0015571130921050243, ""gamma"": 1.263878036092011}"
optuna_058,optuna,33.41525061527677,32.5787554116065,0.8364952036702675,28.316366311106677,12,"{""objective"": ""reg:absoluteerror"", ""eval_metric"": ""mae"", ""random_state"": 42, ""n_jobs"": -1, ""tree_method"": ""hist"", ""learning_rate"": 0.06707466201374802, ""n_estimators"": 2900, ""max_depth"": 4, ""min_child_weight"": 5, ""subsample"": 0.9643083107504601, ""colsample_bytree"": 0.6718097250759362, ""reg_lambda"": 0.08554970625285842, ""reg_alpha"": 2.6209745475424486, ""gamma"": 1.8645981225835078}"
optuna_081,optuna,33.43604190701747,32.518615388074316,0.9174265189431502,27.740869552942677,12,"{""objective"": ""reg:absoluteerror"", ""eval_metric"": ""mae"", ""random_state"": 42, ""n_jobs"": -1, ""tree_method"": ""hist"", ""learning_rate"": 0.13115983853082974, ""n_estimators"": 2900, ""max_depth"": 3, ""min_child_weight"": 4, ""subsample"": 0.9880690107238083, ""colsample_bytree"": 0.6020350882964158, ""reg_lambda"": 8.059325537613313, ""reg_alpha"": 0.15712620571707872, ""gamma"": 2.273091048464364}"
random_049,random,33.44402196083731,32.409299105114975,1.0347228557223367,29.06875973503269,12,"{""objective"": ""reg:absoluteerror"", ""eval_metric"": ""mae"", ""random_state"": 42, ""n_jobs"": -1, ""tree_method"": ""hist"", ""learning_rate"": 0.016452411805725996, ""n_estimators"": 2900, ""max_depth"": 3, ""min_child_weight"": 4, ""subsample"": 0.7935966896765526, ""colsample_bytree"": 0.9153312363059324, ""reg_lambda"": 0.013371493455694255, ""reg_alpha"": 0.0515821487184545, ""gamma"": 2.85655854691652}"
optuna_083,optuna,33.464813573123365,32.529418603861046,0.9353949692623218,29.9842347353056,12,"{""objective"": ""reg:absoluteerror"", ""eval_metric"": ""mae"", ""random_state"": 42, ""n_jobs"": -1, ""tree_method"": ""hist"", ""learning_rate"": 0.12353176992778478, ""n_estimators"": 2900, ""max_depth"": 4, ""min_child_weight"": 7, ""subsample"": 0.9350153872737155, ""colsample_bytree"": 0.6366368604869368, ""reg_lambda"": 5.35835085250599, ""reg_alpha"": 0.03596636225344741, ""gamma"": 2.0573870486550256}"
optuna_040,optuna,33.46488823532881,32.43390224331463,1.0309859920141782,29.976571631355895,12,"{""objective"": ""reg:absoluteerror"", ""eval_metric"": ""mae"", ""random_state"": 42, ""n_jobs"": -1, ""tree_method"": ""hist"", ""learning_rate"": 0.03663441863014514, ""n_estimators"": 2900, ""max_depth"": 5, ""min_child_weight"": 15, ""subsample"": 0.8999382766761693, ""colsample_bytree"": 0.9660198444437713, ""reg_lambda"": 0.1751234097466469, ""reg_alpha"": 0.00045329954168761045, ""gamma"": 1.0285990115769028}"
optuna_019,optuna,33.47414611106998,32.70325456918359,0.7708915418863831,28.910759618198785,12,"{""objective"": ""reg:absoluteerror"", ""eval_metric"": ""mae"", ""random_state"": 42, ""n_jobs"": -1, ""tree_method"": ""hist"", ""learning_rate"": 0.07218257167280559, ""n_estimators"": 2900, ""max_depth"": 4, ""min_child_weight"": 9, ""subsample"": 0.844929985446596, ""colsample_bytree"": 0.6666201835929481, ""reg_lambda"": 0.010554346377726068, ""reg_alpha"": 0.3206871343883081, ""gamma"": 2.447189511928628}"
optuna_070,optuna,33.47525474476689,32.868657771554105,0.6065969732127914,28.12886242215361,12,"{""objective"": ""reg:absoluteerror"", ""eval_metric"": ""mae"", ""random_state"": 42, ""n_jobs"": -1, ""tree_method"": ""hist"", ""learning_rate"": 0.06963290819219285, ""n_estimators"": 2900, ""max_depth"": 3, ""min_child_weight"": 6, ""subsample"": 0.9024200776548925, ""colsample_bytree"": 0.6557002874550849, ""reg_lambda"": 0.028091464397431088, ""reg_alpha"": 0.4340501594923413, ""gamma"": 0.40305481877171323}"
optuna_018,optuna,33.48538681734791,32.55013756292049,0.9352492544274198,29.111429944628735,12,"{""objective"": ""reg:absoluteerror"", ""eval_metric"": ""mae"", ""random_state"": 42, ""n_jobs"": -1, ""tree_method"": ""hist"", ""learning_rate"": 0.09553029539619906, ""n_estimators"": 2900, ""max_depth"": 3, ""min_child_weight"": 13, ""subsample"": 0.6636044617205408, ""colsample_bytree"": 0.6637994451084877, ""reg_lambda"": 0.03355743859026336, ""reg_alpha"": 0.004051044519086591, ""gamma"": 2.3375574224066775}"
optuna_034,optuna,33.489531455329754,32.63150328335753,0.8580281719722208,28.68303948991629,12,"{""objective"": ""reg:absoluteerror"", ""eval_metric"": ""mae"", ""random_state"": 42, ""n_jobs"": -1, ""tree_method"": ""hist"", ""learning_rate"": 0.02992264352431267, ""n_estimators"": 2900, ""max_depth"": 3, ""min_child_weight"": 14, ""subsample"": 0.9565945050998347, ""colsample_bytree"": 0.7224816965276161, ""reg_lambda"": 0.016463222206357157, ""reg_alpha"": 0.021299336488930284, ""gamma"": 2.1760785579546646}"
optuna_050,optuna,33.4919405186307,32.45004242539792,1.0418980932327846,29.05772286741707,12,"{""objective"": ""reg:absoluteerror"", ""eval_metric"": ""mae"", ""random_state"": 42, ""n_jobs"": -1, ""tree_method"": ""hist"", ""learning_rate"": 0.022038995755298735, ""n_estimators"": 2900, ""max_depth"": 3, ""min_child_weight"": 14, ""subsample"": 0.9100630797103403, ""colsample_bytree"": 0.7778435492911525, ""reg_lambda"": 0.5524019281471032, ""reg_alpha"": 0.004959433394860169, ""gamma"": 0.665778703269402}"
random_075,random,33.50403298201372,32.34811302254085,1.1559199594728653,29.84333159399014,12,"{""objective"": ""reg:absoluteerror"", ""eval_metric"": ""mae"", ""random_state"": 42, ""n_jobs"": -1, ""tree_method"": ""hist"", ""learning_rate"": 0.014589968293138298, ""n_estimators"": 2900, ""max_depth"": 5, ""min_child_weight"": 11, ""subsample"": 0.7433821387917543, ""colsample_bytree"": 0.6982563518959295, ""reg_lambda"": 2.321435747348197, ""reg_alpha"": 0.00026961071422045496, ""gamma"": 0.991724460600307}"
optuna_025,optuna,33.51509317255638,32.35318195129391,1.1619112212624616,29.106685302222317,12,"{""objective"": ""reg:absoluteerror"", ""eval_metric"": ""mae"", ""random_state"": 42, ""n_jobs"": -1, ""tree_method"": ""hist"", ""learning_rate"": 0.08705723756526987, ""n_estimators"": 2900, ""max_depth"": 3, ""min_child_weight"": 14, ""subsample"": 0.6719488753731103, ""colsample_bytree"": 0.6033099061696577, ""reg_lambda"": 0.061821001175412955, ""reg_alpha"": 0.0035574644015075136, ""gamma"": 2.710391657268824}"
random_059,random,33.56261440655894,32.12936010725733,1.4332542993016184,28.6306528489641,12,"{""objective"": ""reg:absoluteerror"", ""eval_metric"": ""mae"", ""random_state"": 42, ""n_jobs"": -1, ""tree_method"": ""hist"", ""learning_rate"": 0.011938906305486581, ""n_estimators"": 2900, ""max_depth"": 3, ""min_child_weight"": 11, ""subsample"": 0.6811939812078327, ""colsample_bytree"": 0.9930274374172859, ""reg_lambda"": 0.017274563247831876, ""reg_alpha"": 0.03305097343578328, ""gamma"": 0.07107858871900163}"
optuna_064,optuna,33.56279654488213,32.335751109361745,1.227045435520385,29.348796995262806,12,"{""objective"": ""reg:absoluteerror"", ""eval_metric"": ""mae"", ""random_state"": 42, ""n_jobs"": -1, ""tree_method"": ""hist"", ""learning_rate"": 0.07349846328740414, ""n_estimators"": 2900, ""max_depth"": 4, ""min_child_weight"": 7, ""subsample"": 0.7339113547952547, ""colsample_bytree"": 0.676351961441708, ""reg_lambda"": 0.045196042283128256, ""reg_alpha"": 0.6043161990271105, ""gamma"": 2.2890565300666466}"
random_025,random,33.56854964571926,33.08712542432798,0.4814242213912791,29.580252545157077,12,"{""objective"": ""reg:absoluteerror"", ""eval_metric"": ""mae"", ""random_state"": 42, ""n_jobs"": -1, ""tree_method"": ""hist"", ""learning_rate"": 0.04288102929442894, ""n_estimators"": 2900, ""max_depth"": 4, ""min_child_weight"": 11, ""subsample"": 0.9494995623818279, ""colsample_bytree"": 0.9211677149916974, ""reg_lambda"": 0.13152201006368913, ""reg_alpha"": 0.21784209498027948, ""gamma"": 1.2936938473731128}"
random_015,random,33.58805681821621,32.81601116298133,0.7720456552348749,29.760991228362325,12,"{""objective"": ""reg:absoluteerror"", ""eval_metric"": ""mae"", ""random_state"": 42, ""n_jobs"": -1, ""tree_method"": ""hist"", ""learning_rate"": 0.023615013866291557, ""n_estimators"": 2900, ""max_depth"": 4, ""min_child_weight"": 4, ""subsample"": 0.9640593968341461, ""colsample_bytree"": 0.7401248535913232, ""reg_lambda"": 4.694524050455317, ""reg_alpha"": 4.937323225133877, ""gamma"": 2.3560389748623205}"
random_020,random,33.59588675335132,32.70216232021042,0.8937244331409055,29.74086991016682,12,"{""objective"": ""reg:absoluteerror"", ""eval_metric"": ""mae"", ""random_state"": 42, ""n_jobs"": -1, ""tree_method"": ""hist"", ""learning_rate"": 0.04712087810200994, ""n_estimators"": 2900, ""max_depth"": 5, ""min_child_weight"": 1, ""subsample"": 0.8146121004455084, ""colsample_bytree"": 0.9986641291927814, ""reg_lambda"": 3.071401534299527, ""reg_alpha"": 0.041915280434209806, ""gamma"": 0.027917950032077976}"
optuna_052,optuna,33.6108592456552,32.15919151328346,1.451667732371739,28.756939084641335,12,"{""objective"": ""reg:absoluteerror"", ""eval_metric"": ""mae"", ""random_state"": 42, ""n_jobs"": -1, ""tree_method"": ""hist"", ""learning_rate"": 0.0819997915566677, ""n_estimators"": 2900, ""max_depth"": 4, ""min_child_weight"": 10, ""subsample"": 0.8932751500810865, ""colsample_bytree"": 0.6217294411781525, ""reg_lambda"": 0.05181194384318023, ""reg_alpha"": 0.20675919970474296, ""gamma"": 1.6649693848043106}"
optuna_065,optuna,33.6243603776511,33.007525941702916,0.6168344359481851,29.917156995588762,12,"{""objective"": ""reg:absoluteerror"", ""eval_metric"": ""mae"", ""random_state"": 42, ""n_jobs"": -1, ""tree_method"": ""hist"", ""learning_rate"": 0.04192468758011078, ""n_estimators"": 2900, ""max_depth"": 5, ""min_child_weight"": 5, ""subsample"": 0.9274513390050236, ""colsample_bytree"": 0.632457473071609, ""reg_lambda"": 0.12446850981713753, ""reg_alpha"": 0.2608222919865344, ""gamma"": 2.468708297189226}"
random_070,random,33.64538950716741,32.50918854701852,1.1362009601488932,29.382183063342676,12,"{""objective"": ""reg:absoluteerror"", ""eval_metric"": ""mae"", ""random_state"": 42, ""n_jobs"": -1, ""tree_method"": ""hist"", ""learning_rate"": 0.025449488045148277, ""n_estimators"": 2900, ""max_depth"": 5, ""min_child_weight"": 9, ""subsample"": 0.7074580014231393, ""colsample_bytree"": 0.8278019917921747, ""reg_lambda"": 0.052797548036215794, ""reg_alpha"": 0.15545596306411175, ""gamma"": 0.013223006596446818}"
random_079,random,33.664722467087984,32.45598992286365,1.2087325442243304,30.417768347382996,12,"{""objective"": ""reg:absoluteerror"", ""eval_metric"": ""mae"", ""random_state"": 42, ""n_jobs"": -1, ""tree_method"": ""hist"", ""learning_rate"": 0.01594445117426484, ""n_estimators"": 2900, ""max_depth"": 7, ""min_child_weight"": 12, ""subsample"": 0.6511250732647825, ""colsample_bytree"": 0.6503157718542525, ""reg_lambda"": 0.12985429109081004, ""reg_alpha"": 0.22613399617336674, ""gamma"": 2.6334937446719877}"
optuna_005,optuna,33.67421067497799,32.78080786656533,0.8934028084126596,29.667471069988416,12,"{""objective"": ""reg:absoluteerror"", ""eval_metric"": ""mae"", ""random_state"": 42, ""n_jobs"": -1, ""tree_method"": ""hist"", ""learning_rate"": 0.013916438390377948, ""n_estimators"": 2900, ""max_depth"": 5, ""min_child_weight"": 1, ""subsample"": 0.9637281608315128, ""colsample_bytree"": 0.7035119926400067, ""reg_lambda"": 0.10689751565977942, ""reg_alpha"": 0.12976941336928302, ""gamma"": 1.5602040635334324}"
optuna_012,optuna,33.68205713614445,32.369461140826175,1.3125959953182733,29.662678845496632,12,"{""objective"": ""reg:absoluteerror"", ""eval_metric"": ""mae"", ""random_state"": 42, ""n_jobs"": -1, ""tree_method"": ""hist"", ""learning_rate"": 0.0184093484723109, ""n_estimators"": 2900, ""max_depth"": 5, ""min_child_weight"": 10, ""subsample"": 0.7136679613485023, ""colsample_bytree"": 0.8006880321143565, ""reg_lambda"": 0.12918248186696304, ""reg_alpha"": 0.03020071237812924, ""gamma"": 1.7189050371804002}"
optuna_048,optuna,33.69222739063582,32.5139151312196,1.1783122594162247,29.480388247772737,12,"{""objective"": ""reg:absoluteerror"", ""eval_metric"": ""mae"", ""random_state"": 42, ""n_jobs"": -1, ""tree_method"": ""hist"", ""learning_rate"": 0.0351094873711773, ""n_estimators"": 2900, ""max_depth"": 4, ""min_child_weight"": 12, ""subsample"": 0.8191258171109853, ""colsample_bytree"": 0.8103196349897626, ""reg_lambda"": 2.6082331385962108, ""reg_alpha"": 0.014580135304875536, ""gamma"": 1.1780052693001681}"
optuna_041,optuna,33.71548715128961,32.57610387500652,1.1393832762830942,28.71326447517244,12,"{""objective"": ""reg:absoluteerror"", ""eval_metric"": ""mae"", ""random_state"": 42, ""n_jobs"": -1, ""tree_method"": ""hist"", ""learning_rate"": 0.057830366577358835, ""n_estimators"": 2900, ""max_depth"": 4, ""min_child_weight"": 15, ""subsample"": 0.8220603185612894, ""colsample_bytree"": 0.9973902309406489, ""reg_lambda"": 0.07864983680749876, ""reg_alpha"": 0.08464139414410349, ""gamma"": 0.8474862669211599}"
optuna_061,optuna,33.744506577548776,32.17665900689762,1.5678475706511537,28.997105438368305,12,"{""objective"": ""reg:absoluteerror"", ""eval_metric"": ""mae"", ""random_state"": 42, ""n_jobs"": -1, ""tree_method"": ""hist"", ""learning_rate"": 0.10798234217314497, ""n_estimators"": 2900, ""max_depth"": 4, ""min_child_weight"": 7, ""subsample"": 0.9274309416731583, ""colsample_bytree"": 0.6486427475791858, ""reg_lambda"": 0.041573044513323255, ""reg_alpha"": 1.3182011924202175, ""gamma"": 1.7330083404402357}"
optuna_021,optuna,33.77105403729888,32.045109629718425,1.7259444075804549,28.883996604460705,12,"{""objective"": ""reg:absoluteerror"", ""eval_metric"": ""mae"", ""random_state"": 42, ""n_jobs"": -1, ""tree_method"": ""hist"", ""learning_rate"": 0.06751295312066213, ""n_estimators"": 2900, ""max_depth"": 4, ""min_child_weight"": 9, ""subsample"": 0.840382258268001, ""colsample_bytree"": 0.6889105511176036, ""reg_lambda"": 0.011209480095630431, ""reg_alpha"": 0.4310689589928965, ""gamma"": 2.5503387715276156}"
optuna_020,optuna,33.7872898821621,32.81775028645162,0.9695395957104772,29.219076903842446,12,"{""objective"": ""reg:absoluteerror"", ""eval_metric"": ""mae"", ""random_state"": 42, ""n_jobs"": -1, ""tree_method"": ""hist"", ""learning_rate"": 0.10621551699215012, ""n_estimators"": 2900, ""max_depth"": 4, ""min_child_weight"": 13, ""subsample"": 0.7608872004100626, ""colsample_bytree"": 0.643246165921216, ""reg_lambda"": 0.29738724500868446, ""reg_alpha"": 0.03227196879426096, ""gamma"": 2.1838757132490225}"
optuna_049,optuna,33.79871872287198,32.86132151798857,0.937397204883412,29.782008844038867,12,"{""objective"": ""reg:absoluteerror"", ""eval_metric"": ""mae"", ""random_state"": 42, ""n_jobs"": -1, ""tree_method"": ""hist"", ""learning_rate"": 0.04754706394655593, ""n_estimators"": 2900, ""max_depth"": 5, ""min_child_weight"": 11, ""subsample"": 0.8517321549032927, ""colsample_bytree"": 0.9450895414822829, ""reg_lambda"": 0.11094465689107684, ""reg_alpha"": 0.003119993695026003, ""gamma"": 0.9348157055706952}"
optuna_074,optuna,33.8091385117515,32.64007010327944,1.1690684084720573,30.167080164366133,12,"{""objective"": ""reg:absoluteerror"", ""eval_metric"": ""mae"", ""random_state"": 42, ""n_jobs"": -1, ""tree_method"": ""hist"", ""learning_rate"": 0.08171619889023055, ""n_estimators"": 2900, ""max_depth"": 4, ""min_child_weight"": 9, ""subsample"": 0.9483577421197629, ""colsample_bytree"": 0.6043885593812967, ""reg_lambda"": 0.1781848437507658, ""reg_alpha"": 3.4957002334643708, ""gamma"": 2.4706482789827886}"
optuna_022,optuna,33.80936604807985,32.51897412721505,1.2903919208647996,28.541381797909015,12,"{""objective"": ""reg:absoluteerror"", ""eval_metric"": ""mae"", ""random_state"": 42, ""n_jobs"": -1, ""tree_method"": ""hist"", ""learning_rate"": 0.0635346577916254, ""n_estimators"": 2900, ""max_depth"": 3, ""min_child_weight"": 8, ""subsample"": 0.8410293014584487, ""colsample_bytree"": 0.6653364163479973, ""reg_lambda"": 0.02498167364616352, ""reg_alpha"": 0.532411997777625, ""gamma"": 2.953146784724774}"
optuna_073,optuna,33.81398114169932,33.35412665971839,0.4598544819809308,30.843077966844746,12,"{""objective"": ""reg:absoluteerror"", ""eval_metric"": ""mae"", ""random_state"": 42, ""n_jobs"": -1, ""tree_method"": ""hist"", ""learning_rate"": 0.14714629277350869, ""n_estimators"": 2900, ""max_depth"": 4, ""min_child_weight"": 7, ""subsample"": 0.9697812132026624, ""colsample_bytree"": 0.6136279504928281, ""reg_lambda"": 4.133371416373473, ""reg_alpha"": 2.7533701820664973, ""gamma"": 2.991261208175452}"
optuna_068,optuna,33.82218291999951,32.44299293452732,1.3791899854721925,29.718703470851494,12,"{""objective"": ""reg:absoluteerror"", ""eval_metric"": ""mae"", ""random_state"": 42, ""n_jobs"": -1, ""tree_method"": ""hist"", ""learning_rate"": 0.06005191224191198, ""n_estimators"": 2900, ""max_depth"": 4, ""min_child_weight"": 8, ""subsample"": 0.8054501964006324, ""colsample_bytree"": 0.6980401357544638, ""reg_lambda"": 0.013825993300799151, ""reg_alpha"": 1.8287229232708038, ""gamma"": 2.7086016061228677}"
optuna_067,optuna,33.829649283580316,32.40095579801663,1.4286934855636875,29.441967148735205,12,"{""objective"": ""reg:absoluteerror"", ""eval_metric"": ""mae"", ""random_state"": 42, ""n_jobs"": -1, ""tree_method"": ""hist"", ""learning_rate"": 0.11853539010678413, ""n_estimators"": 2900, ""max_depth"": 5, ""min_child_weight"": 13, ""subsample"": 0.8536242117736351, ""colsample_bytree"": 0.6648472262784761, ""reg_lambda"": 0.043520152321573004, ""reg_alpha"": 0.886154520278523, ""gamma"": 2.214396264938566}"
optuna_032,optuna,33.84372957909724,32.262321365716296,1.581408213380948,29.883662496752322,12,"{""objective"": ""reg:absoluteerror"", ""eval_metric"": ""mae"", ""random_state"": 42, ""n_jobs"": -1, ""tree_method"": ""hist"", ""learning_rate"": 0.05384697304974024, ""n_estimators"": 2900, ""max_depth"": 5, ""min_child_weight"": 10, ""subsample"": 0.8751304107697359, ""colsample_bytree"": 0.6838089705200933, ""reg_lambda"": 0.01650711460081558, ""reg_alpha"": 0.08973515290131107, ""gamma"": 2.7033061959947347}"
optuna_002,optuna,33.850192540728024,32.31333281008877,1.5368597306392575,30.11295084682415,12,"{""objective"": ""reg:absoluteerror"", ""eval_metric"": ""mae"", ""random_state"": 42, ""n_jobs"": -1, ""tree_method"": ""hist"", ""learning_rate"": 0.02279379523765072, ""n_estimators"": 2900, ""max_depth"": 6, ""min_child_weight"": 7, ""subsample"": 0.7164916560792167, ""colsample_bytree"": 0.8447411578889518, ""reg_lambda"": 0.09212515846231674, ""reg_alpha"": 0.0004523529917658781, ""gamma"": 1.099085529881075}"
random_018,random,33.871932708145685,32.26427271800723,1.6076599901384554,29.50014031206963,12,"{""objective"": ""reg:absoluteerror"", ""eval_metric"": ""mae"", ""random_state"": 42, ""n_jobs"": -1, ""tree_method"": ""hist"", ""learning_rate"": 0.011370508576994488, ""n_estimators"": 2900, ""max_depth"": 5, ""min_child_weight"": 12, ""subsample"": 0.6963104598362527, ""colsample_bytree"": 0.6750536364443369, ""reg_lambda"": 9.974272432104485, ""reg_alpha"": 0.1683910144810357, ""gamma"": 1.6642544660794334}"
optuna_080,optuna,33.873968003365675,32.81278021688082,1.0611877864848613,30.480970153033866,12,"{""objective"": ""reg:absoluteerror"", ""eval_metric"": ""mae"", ""random_state"": 42, ""n_jobs"": -1, ""tree_method"": ""hist"", ""learning_rate"": 0.10136342578869961, ""n_estimators"": 2900, ""max_depth"": 6, ""min_child_weight"": 3, ""subsample"": 0.9627783749511003, ""colsample_bytree"": 0.6728189198874727, ""reg_lambda"": 4.5133174000473755, ""reg_alpha"": 0.049156878766613635, ""gamma"": 1.613927980934034}"
random_078,random,33.87822814992852,32.89762729743823,0.9806008524902887,30.0549681390234,12,"{""objective"": ""reg:absoluteerror"", ""eval_metric"": ""mae"", ""random_state"": 42, ""n_jobs"": -1, ""tree_method"": ""hist"", ""learning_rate"": 0.055693588629630926, ""n_estimators"": 2900, ""max_depth"": 6, ""min_child_weight"": 1, ""subsample"": 0.8473618892969133, ""colsample_bytree"": 0.6728361413762393, ""reg_lambda"": 0.10635661173104581, ""reg_alpha"": 0.06785761525033378, ""gamma"": 1.7284496310604036}"
optuna_088,optuna,33.87997455945915,32.32082760239492,1.5591469570642282,29.24554181722428,12,"{""objective"": ""reg:absoluteerror"", ""eval_metric"": ""mae"", ""random_state"": 42, ""n_jobs"": -1, ""tree_method"": ""hist"", ""learning_rate"": 0.10607720329893851, ""n_estimators"": 2900, ""max_depth"": 4, ""min_child_weight"": 8, ""subsample"": 0.9630931316699048, ""colsample_bytree"": 0.6626471725840718, ""reg_lambda"": 2.4529699059005745, ""reg_alpha"": 1.1612774303501845, ""gamma"": 2.370252060915087}"
random_038,random,33.884831306541514,32.24420303961287,1.6406282669286423,29.55155358217635,12,"{""objective"": ""reg:absoluteerror"", ""eval_metric"": ""mae"", ""random_state"": 42, ""n_jobs"": -1, ""tree_method"": ""hist"", ""learning_rate"": 0.03390718449632113, ""n_estimators"": 2900, ""max_depth"": 5, ""min_child_weight"": 15, ""subsample"": 0.7160777807848903, ""colsample_bytree"": 0.7664499712759782, ""reg_lambda"": 1.5066517714459147, ""reg_alpha"": 0.00030839860604274657, ""gamma"": 2.372849229348899}"
optuna_063,optuna,33.887458546568936,32.439572871824964,1.4478856747439754,28.91961074561789,12,"{""objective"": ""reg:absoluteerror"", ""eval_metric"": ""mae"", ""random_state"": 42, ""n_jobs"": -1, ""tree_method"": ""hist"", ""learning_rate"": 0.06348095407606795, ""n_estimators"": 2900, ""max_depth"": 4, ""min_child_weight"": 2, ""subsample"": 0.9835550516171223, ""colsample_bytree"": 0.6548613258623028, ""reg_lambda"": 0.018327515831250103, ""reg_alpha"": 0.10410113083062743, ""gamma"": 2.8632902032872285}"
random_072,random,33.933158982278414,32.229005821120786,1.7041531611576253,30.670335120489522,12,"{""objective"": ""reg:absoluteerror"", ""eval_metric"": ""mae"", ""random_state"": 42, ""n_jobs"": -1, ""tree_method"": ""hist"", ""learning_rate"": 0.017124716659373988, ""n_estimators"": 2900, ""max_depth"": 8, ""min_child_weight"": 13, ""subsample"": 0.6786328959547053, ""colsample_bytree"": 0.9290523261165026, ""reg_lambda"": 0.1495378682771885, ""reg_alpha"": 0.0011572541044866057, ""gamma"": 1.821008970593252}"
random_005,random,33.93623670539005,32.64150771507547,1.2947289903145787,30.175439418452743,12,"{""objective"": ""reg:absoluteerror"", ""eval_metric"": ""mae"", ""random_state"": 42, ""n_jobs"": -1, ""tree_method"": ""hist"", ""learning_rate"": 0.015143727243072284, ""n_estimators"": 2900, ""max_depth"": 6, ""min_child_weight"": 8, ""subsample"": 0.9648068344792708, ""colsample_bytree"": 0.8527260782141803, ""reg_lambda"": 0.04193604807348557, ""reg_alpha"": 0.00835269775262996, ""gamma"": 0.9102933055098664}"
optuna_006,optuna,33.96993166226883,32.66014263556475,1.3097890267040717,29.718425150715728,12,"{""objective"": ""reg:absoluteerror"", ""eval_metric"": ""mae"", ""random_state"": 42, ""n_jobs"": -1, ""tree_method"": ""hist"", ""learning_rate"": 0.04395225692486303, ""n_estimators"": 2900, ""max_depth"": 4, ""min_child_weight"": 15, ""subsample"": 0.9100531293444458, ""colsample_bytree"": 0.9757995766256756, ""reg_lambda"": 0.9412083349710854, ""reg_alpha"": 1.6023850290194919, ""gamma"": 2.7656227050693505}"
random_061,random,33.975798910057655,32.82799107019487,1.1478078398627862,29.24913559597135,12,"{""objective"": ""reg:absoluteerror"", ""eval_metric"": ""mae"", ""random_state"": 42, ""n_jobs"": -1, ""tree_method"": ""hist"", ""learning_rate"": 0.07122432491761661, ""n_estimators"": 2900, ""max_depth"": 3, ""min_child_weight"": 1, ""subsample"": 0.9423816687883806, ""colsample_bytree"": 0.7503237471682968, ""reg_lambda"": 0.5295746569874168, ""reg_alpha"": 2.8763030650399255, ""gamma"": 2.185660028317049}"
optuna_094,optuna,33.98640787345344,32.99912908229443,0.987278791159007,30.316789616370492,12,"{""objective"": ""reg:absoluteerror"", ""eval_metric"": ""mae"", ""random_state"": 42, ""n_jobs"": -1, ""tree_method"": ""hist"", ""learning_rate"": 0.11311250110124992, ""n_estimators"": 2900, ""max_depth"": 4, ""min_child_weight"": 7, ""subsample"": 0.9142919806189996, ""colsample_bytree"": 0.7484000545386085, ""reg_lambda"": 3.141798823296713, ""reg_alpha"": 2.0540118260020295, ""gamma"": 1.791779009739883}"
random_019,random,33.99237022179971,32.62138053492306,1.370989686876645,29.641628977434443,12,"{""objective"": ""reg:absoluteerror"", ""eval_metric"": ""mae"", ""random_state"": 42, ""n_jobs"": -1, ""tree_method"": ""hist"", ""learning_rate"": 0.016299725178772463, ""n_estimators"": 2900, ""max_depth"": 4, ""min_child_weight"": 5, ""subsample"": 0.8599510932216052, ""colsample_bytree"": 0.9532497979745765, ""reg_lambda"": 0.0438500957265573, ""reg_alpha"": 0.00019698302648803648, ""gamma"": 2.702531500946736}"
optuna_011,optuna,33.99331827351186,32.14089813111765,1.85242014239421,30.15905704575008,12,"{""objective"": ""reg:absoluteerror"", ""eval_metric"": ""mae"", ""random_state"": 42, ""n_jobs"": -1, ""tree_method"": ""hist"", ""learning_rate"": 0.019018629533678322, ""n_estimators"": 2900, ""max_depth"": 5, ""min_child_weight"": 7, ""subsample"": 0.7078349435778688, ""colsample_bytree"": 0.83445433467569, ""reg_lambda"": 0.1406098952673311, ""reg_alpha"": 0.015967920890096646, ""gamma"": 1.8586018294007975}"
optuna_066,optuna,34.00721045815313,32.542878113893124,1.4643323442600071,28.412150819340674,12,"{""objective"": ""reg:absoluteerror"", ""eval_metric"": ""mae"", ""random_state"": 42, ""n_jobs"": -1, ""tree_method"": ""hist"", ""learning_rate"": 0.09696921978116581, ""n_estimators"": 2900, ""max_depth"": 4, ""min_child_weight"": 10, ""subsample"": 0.8285602390550009, ""colsample_bytree"": 0.612733776389951, ""reg_lambda"": 0.0674786756074708, ""reg_alpha"": 0.0332884584159015, ""gamma"": 2.0803284004217506}"
optuna_042,optuna,34.017249514017514,33.017811788113214,0.9994377259042987,29.533031683086897,12,"{""objective"": ""reg:absoluteerror"", ""eval_metric"": ""mae"", ""random_state"": 42, ""n_jobs"": -1, ""tree_method"": ""hist"", ""learning_rate"": 0.05908257272995571, ""n_estimators"": 2900, ""max_depth"": 4, ""min_child_weight"": 14, ""subsample"": 0.862514517302591, ""colsample_bytree"": 0.9236296823833363, ""reg_lambda"": 0.10303063117434573, ""reg_alpha"": 0.0011150972223054644, ""gamma"": 1.493426321924583}"
random_029,random,34.022285312472434,32.39661443596854,1.6256708765038972,29.195082835114107,12,"{""objective"": ""reg:absoluteerror"", ""eval_metric"": ""mae"", ""random_state"": 42, ""n_jobs"": -1, ""tree_method"": ""hist"", ""learning_rate"": 0.018213708010004038, ""n_estimators"": 2900, ""max_depth"": 4, ""min_child_weight"": 1, ""subsample"": 0.6518472954168185, ""colsample_bytree"": 0.7657436702139541, ""reg_lambda"": 0.09028994527655253, ""reg_alpha"": 0.03777746381958018, ""gamma"": 2.4410787655455364}"
random_003,random,34.02901935883029,32.26899568225086,1.760023676579426,30.085771238193367,12,"{""objective"": ""reg:absoluteerror"", ""eval_metric"": ""mae"", ""random_state"": 42, ""n_jobs"": -1, ""tree_method"": ""hist"", ""learning_rate"": 0.013936878773257578, ""n_estimators"": 2900, ""max_depth"": 6, ""min_child_weight"": 14, ""subsample"": 0.9136870821674049, ""colsample_bytree"": 0.8623717724013535, ""reg_lambda"": 0.016051338499677947, ""reg_alpha"": 0.0012953943598350414, ""gamma"": 1.9259540937442177}"
optuna_086,optuna,34.03190748265526,32.452626383300064,1.5792810993551922,30.026534029588316,12,"{""objective"": ""reg:absoluteerror"", ""eval_metric"": ""mae"", ""random_state"": 42, ""n_jobs"": -1, ""tree_method"": ""hist"", ""learning_rate"": 0.14685912855755284, ""n_estimators"": 2900, ""max_depth"": 3, ""min_child_weight"": 6, ""subsample"": 0.9533497135804079, ""colsample_bytree"": 0.6204997811937306, ""reg_lambda"": 11.064444312223896, ""reg_alpha"": 0.4283019284543085, ""gamma"": 2.014217798472649}"
optuna_013,optuna,34.03629889003585,32.42490318945859,1.6113957005772643,30.071869344601858,12,"{""objective"": ""reg:absoluteerror"", ""eval_metric"": ""mae"", ""random_state"": 42, ""n_jobs"": -1, ""tree_method"": ""hist"", ""learning_rate"": 0.015161576544256431, ""n_estimators"": 2900, ""max_depth"": 5, ""min_child_weight"": 10, ""subsample"": 0.6261189447346583, ""colsample_bytree"": 0.7742300097398042, ""reg_lambda"": 0.33967830581848973, ""reg_alpha"": 0.07230983740577827, ""gamma"": 1.8854504188750028}"
baseline,baseline,34.08209821664437,32.13353627336601,1.9485619432783594,28.632221761183867,12,"{""objective"": ""reg:absoluteerror"", ""eval_metric"": ""mae"", ""random_state"": 42, ""n_jobs"": -1, ""tree_method"": ""hist"", ""learning_rate"": 0.08, ""n_estimators"": 2900, ""max_depth"": 3, ""min_child_weight"": 5, ""subsample"": 0.8, ""colsample_bytree"": 0.8, ""reg_lambda"": 5.0, ""reg_alpha"": 1.0, ""gamma"": 0.5}"
optuna_009,optuna,34.08244060151875,32.036671713516185,2.0457688880025615,29.4298464802222,12,"{""objective"": ""reg:absoluteerror"", ""eval_metric"": ""mae"", ""random_state"": 42, ""n_jobs"": -1, ""tree_method"": ""hist"", ""learning_rate"": 0.010150665434429315, ""n_estimators"": 2900, ""max_depth"": 7, ""min_child_weight"": 11, ""subsample"": 0.8916028672163949, ""colsample_bytree"": 0.9085081386743783, ""reg_lambda"": 0.15251273957388442, ""reg_alpha"": 0.0002228094453258927, ""gamma"": 0.34760717857538914}"
random_036,random,34.09416568147628,32.35221305404568,1.7419526274305963,30.050505220822654,12,"{""objective"": ""reg:absoluteerror"", ""eval_metric"": ""mae"", ""random_state"": 42, ""n_jobs"": -1, ""tree_method"": ""hist"", ""learning_rate"": 0.03841719915545232, ""n_estimators"": 2900, ""max_depth"": 5, ""min_child_weight"": 2, ""subsample"": 0.7819568078842076, ""colsample_bytree"": 0.7563994479274612, ""reg_lambda"": 0.05554663600685193, ""reg_alpha"": 0.5246769246598161, ""gamma"": 1.7851057122907226}"
random_023,random,34.103907110604176,32.66949245913461,1.4344146514695684,29.290001813786965,12,"{""objective"": ""reg:absoluteerror"", ""eval_metric"": ""mae"", ""random_state"": 42, ""n_jobs"": -1, ""tree_method"": ""hist"", ""learning_rate"": 0.07603150571343763, ""n_estimators"": 2900, ""max_depth"": 4, ""min_child_weight"": 4, ""subsample"": 0.9624915884265219, ""colsample_bytree"": 0.8278565988290477, ""reg_lambda"": 13.953598785855261, ""reg_alpha"": 0.04517329071637354, ""gamma"": 0.36110755730869104}"
optuna_007,optuna,34.108890359346624,32.08537442455369,2.023515934792934,29.843273454329765,12,"{""objective"": ""reg:absoluteerror"", ""eval_metric"": ""mae"", ""random_state"": 42, ""n_jobs"": -1, ""tree_method"": ""hist"", ""learning_rate"": 0.012707942999213693, ""n_estimators"": 2900, ""max_depth"": 4, ""min_child_weight"": 1, ""subsample"": 0.7301321323053057, ""colsample_bytree"": 0.7554709158757928, ""reg_lambda"": 5.441108375656199, ""reg_alpha"": 0.001883913511943895, ""gamma"": 1.0702599800807677}"
random_053,random,34.119911257412724,32.72555683834841,1.3943544190643105,31.010673515463978,12,"{""objective"": ""reg:absoluteerror"", ""eval_metric"": ""mae"", ""random_state"": 42, ""n_jobs"": -1, ""tree_method"": ""hist"", ""learning_rate"": 0.02173119292465094, ""n_estimators"": 2900, ""max_depth"": 7, ""min_child_weight"": 3, ""subsample"": 0.7265937747072527, ""colsample_bytree"": 0.8800125308040847, ""reg_lambda"": 13.013497139840648, ""reg_alpha"": 1.6979824155056589, ""gamma"": 0.1185065632573652}"
optuna_091,optuna,34.12586746798693,32.94899511537857,1.1768723526083575,29.620753182600534,12,"{""objective"": ""reg:absoluteerror"", ""eval_metric"": ""mae"", ""random_state"": 42, ""n_jobs"": -1, ""tree_method"": ""hist"", ""learning_rate"": 0.12118306692367109, ""n_estimators"": 2900, ""max_depth"": 4, ""min_child_weight"": 7, ""subsample"": 0.9877331687803154, ""colsample_bytree"": 0.7097506722095951, ""reg_lambda"": 6.161099199248387, ""reg_alpha"": 0.1333492744508897, ""gamma"": 1.9050543567203233}"
optuna_056,optuna,34.12679445017838,32.31761462320491,1.809179826973472,30.154545748628454,12,"{""objective"": ""reg:absoluteerror"", ""eval_metric"": ""mae"", ""random_state"": 42, ""n_jobs"": -1, ""tree_method"": ""hist"", ""learning_rate"": 0.09893714247687603, ""n_estimators"": 2900, ""max_depth"": 5, ""min_child_weight"": 7, ""subsample"": 0.9990471641577461, ""colsample_bytree"": 0.7083855683931771, ""reg_lambda"": 0.03198506387760535, ""reg_alpha"": 0.8520942132523148, ""gamma"": 1.9691048309286443}"
optuna_026,optuna,34.130388197877366,32.173939908149215,1.9564482897281479,29.46963618090687,12,"{""objective"": ""reg:absoluteerror"", ""eval_metric"": ""mae"", ""random_state"": 42, ""n_jobs"": -1, ""tree_method"": ""hist"", ""learning_rate"": 0.1266175180789579, ""n_estimators"": 2900, ""max_depth"": 4, ""min_child_weight"": 12, ""subsample"": 0.7975411588085582, ""colsample_bytree"": 0.737691866387846, ""reg_lambda"": 0.05146898515498745, ""reg_alpha"": 0.0574859059649459, ""gamma"": 2.3800526423261585}"
random_044,random,34.13390446045649,32.5944228292792,1.5394816311772863,31.09212565492398,12,"{""objective"": ""reg:absoluteerror"", ""eval_metric"": ""mae"", ""random_state"": 42, ""n_jobs"": -1, ""tree_method"": ""hist"", ""learning_rate"": 0.036198703141300366, ""n_estimators"": 2900, ""max_depth"": 7, ""min_child_weight"": 2, ""subsample"": 0.7521310186804605, ""colsample_bytree"": 0.8335357673930816, ""reg_lambda"": 0.049349980922578536, ""reg_alpha"": 1.828533760282172, ""gamma"": 0.03224721648096085}"
random_007,random,34.1720711378362,32.26560693447536,1.90646420336084,30.50110229562722,12,"{""objective"": ""reg:absoluteerror"", ""eval_metric"": ""mae"", ""random_state"": 42, ""n_jobs"": -1, ""tree_method"": ""hist"", ""learning_rate"": 0.012990331726666223, ""n_estimators"": 2900, ""max_depth"": 6, ""min_child_weight"": 5, ""subsample"": 0.6881011825285988, ""colsample_bytree"": 0.8207933482293722, ""reg_lambda"": 0.2441105015859415, ""reg_alpha"": 0.005186533098325209, ""gamma"": 1.5813879864824374}"
optuna_077,optuna,34.18689970996559,32.91778721272566,1.2691124972399237,30.55276703884199,12,"{""objective"": ""reg:absoluteerror"", ""eval_metric"": ""mae"", ""random_state"": 42, ""n_jobs"": -1, ""tree_method"": ""hist"", ""learning_rate"": 0.1383359256415332, ""n_estimators"": 2900, ""max_depth"": 4, ""min_child_weight"": 5, ""subsample"": 0.9930888642413153, ""colsample_bytree"": 0.7281957862929529, ""reg_lambda"": 6.556237836488206, ""reg_alpha"": 0.12350867227871544, ""gamma"": 2.1159683044148205}"
random_047,random,34.225464603836514,32.49549617405271,1.7299684297838027,30.741917856179533,12,"{""objective"": ""reg:absoluteerror"", ""eval_metric"": ""mae"", ""random_state"": 42, ""n_jobs"": -1, ""tree_method"": ""hist"", ""learning_rate"": 0.020137059988836827, ""n_estimators"": 2900, ""max_depth"": 6, ""min_child_weight"": 6, ""subsample"": 0.7328814731497664, ""colsample_bytree"": 0.9638415537384476, ""reg_lambda"": 3.3184523826362002, ""reg_alpha"": 0.0006267126893947772, ""gamma"": 0.5284346995571494}"
random_008,random,34.236086435633034,32.8705106854282,1.3655757502048318,30.20701928147486,12,"{""objective"": ""reg:absoluteerror"", ""eval_metric"": ""mae"", ""random_state"": 42, ""n_jobs"": -1, ""tree_method"": ""hist"", ""learning_rate"": 0.075466896860752, ""n_estimators"": 2900, ""max_depth"": 5, ""min_child_weight"": 5, ""subsample"": 0.6238812349626769, ""colsample_bytree"": 0.7885539006172015, ""reg_lambda"": 0.01956109475878953, ""reg_alpha"": 0.44820328419179045, ""gamma"": 1.525357752764211}"
optuna_028,optuna,34.244876250072075,32.5574836656211,1.687392584450973,30.30333869723537,12,"{""objective"": ""reg:absoluteerror"", ""eval_metric"": ""mae"", ""random_state"": 42, ""n_jobs"": -1, ""tree_method"": ""hist"", ""learning_rate"": 0.14431131984213594, ""n_estimators"": 2900, ""max_depth"": 4, ""min_child_weight"": 9, ""subsample"": 0.6826295661261632, ""colsample_bytree"": 0.6890835844321278, ""reg_lambda"": 0.24414308002386462, ""reg_alpha"": 0.0022698966819928905, ""gamma"": 0.0759857858367079}"
optuna_059,optuna,34.269427171138865,32.33948912802457,1.929938043114296,29.462230690249786,12,"{""objective"": ""reg:absoluteerror"", ""eval_metric"": ""mae"", ""random_state"": 42, ""n_jobs"": -1, ""tree_method"": ""hist"", ""learning_rate"": 0.07886377931665688, ""n_estimators"": 2900, ""max_depth"": 5, ""min_child_weight"": 8, ""subsample"": 0.9507108036583412, ""colsample_bytree"": 0.7412992948645035, ""reg_lambda"": 8.262835841101698, ""reg_alpha"": 2.2559355502379983, ""gamma"": 2.201855852308061}"
random_071,random,34.27211827111332,32.93077769979086,1.3413405713224618,29.603040911426433,12,"{""objective"": ""reg:absoluteerror"", ""eval_metric"": ""mae"", ""random_state"": 42, ""n_jobs"": -1, ""tree_method"": ""hist"", ""learning_rate"": 0.05397087041800055, ""n_estimators"": 2900, ""max_depth"": 6, ""min_child_weight"": 14, ""subsample"": 0.7925667985671303, ""colsample_bytree"": 0.9641258984402655, ""reg_lambda"": 2.606086108532602, ""reg_alpha"": 2.242703732839393, ""gamma"": 2.6616038229374963}"
random_032,random,34.28359720407759,32.636890595298304,1.6467066087792819,29.57901644846442,12,"{""objective"": ""reg:absoluteerror"", ""eval_metric"": ""mae"", ""random_state"": 42, ""n_jobs"": -1, ""tree_method"": ""hist"", ""learning_rate"": 0.045345112052762225, ""n_estimators"": 2900, ""max_depth"": 3, ""min_child_weight"": 3, ""subsample"": 0.9709937702422275, ""colsample_bytree"": 0.9439870956037794, ""reg_lambda"": 0.04373678730940313, ""reg_alpha"": 4.946038084060412, ""gamma"": 1.9536358573444943}"
random_016,random,34.28543447734183,32.56613057229755,1.7193039050442758,29.653122786165927,12,"{""objective"": ""reg:absoluteerror"", ""eval_metric"": ""mae"", ""random_state"": 42, ""n_jobs"": -1, ""tree_method"": ""hist"", ""learning_rate"": 0.07449966263074331, ""n_estimators"": 2900, ""max_depth"": 7, ""min_child_weight"": 7, ""subsample"": 0.6748525308080242, ""colsample_bytree"": 0.8554914713073702, ""reg_lambda"": 0.31346005011071754, ""reg_alpha"": 0.00016666421552325768, ""gamma"": 1.499043638194836}"
random_054,random,34.29180000881949,32.55368603077628,1.738113978043217,29.782953355705764,12,"{""objective"": ""reg:absoluteerror"", ""eval_metric"": ""mae"", ""random_state"": 42, ""n_jobs"": -1, ""tree_method"": ""hist"", ""learning_rate"": 0.017993720302430703, ""n_estimators"": 2900, ""max_depth"": 6, ""min_child_weight"": 5, ""subsample"": 0.8189702645923693, ""colsample_bytree"": 0.919472152414613, ""reg_lambda"": 0.010002706107999757, ""reg_alpha"": 0.0013144961946039578, ""gamma"": 2.004448955821697}"
optuna_090,optuna,34.36133044995727,33.28081888683304,1.0805115631242317,30.764588428617156,12,"{""objective"": ""reg:absoluteerror"", ""eval_metric"": ""mae"", ""random_state"": 42, ""n_jobs"": -1, ""tree_method"": ""hist"", ""learning_rate"": 0.08889393411479027, ""n_estimators"": 2900, ""max_depth"": 4, ""min_child_weight"": 1, ""subsample"": 0.922467066689897, ""colsample_bytree"": 0.6946970611512122, ""reg_lambda"": 18.809541654017266, ""reg_alpha"": 3.449224680970571, ""gamma"": 2.2376946510639955}"
random_011,random,34.37120882094165,32.2970949740914,2.07411384685025,30.285634682276964,12,"{""objective"": ""reg:absoluteerror"", ""eval_metric"": ""mae"", ""random_state"": 42, ""n_jobs"": -1, ""tree_method"": ""hist"", ""learning_rate"": 0.010315491297474317, ""n_estimators"": 2900, ""max_depth"": 7, ""min_child_weight"": 6, ""subsample"": 0.8610718225085409, ""colsample_bytree"": 0.7175273165565765, ""reg_lambda"": 0.6954930183379842, ""reg_alpha"": 3.304947706979485, ""gamma"": 0.22159664008171864}"
optuna_008,optuna,34.37779040749976,32.647313730282455,1.7304766772173066,30.644978566296338,12,"{""objective"": ""reg:absoluteerror"", ""eval_metric"": ""mae"", ""random_state"": 42, ""n_jobs"": -1, ""tree_method"": ""hist"", ""learning_rate"": 0.02139954903017622, ""n_estimators"": 2900, ""max_depth"": 6, ""min_child_weight"": 3, ""subsample"": 0.9208787923016158, ""colsample_bytree"": 0.6298202574719083, ""reg_lambda"": 3.5416296712651336, ""reg_alpha"": 4.338624983446466, ""gamma"": 0.5961470446025172}"
optuna_015,optuna,34.39437823544012,32.65476098251301,1.739617252927112,29.36407358932484,12,"{""objective"": ""reg:absoluteerror"", ""eval_metric"": ""mae"", ""random_state"": 42, ""n_jobs"": -1, ""tree_method"": ""hist"", ""learning_rate"": 0.07752691918609134, ""n_estimators"": 2900, ""max_depth"": 3, ""min_child_weight"": 5, ""subsample"": 0.9914618266037012, ""colsample_bytree"": 0.6185797583220249, ""reg_lambda"": 0.01338576295264305, ""reg_alpha"": 0.006439679936871292, ""gamma"": 2.322863083397387}"
optuna_071,optuna,34.40969731452595,32.80748410444237,1.6022132100835775,29.322097191839436,12,"{""objective"": ""reg:absoluteerror"", ""eval_metric"": ""mae"", ""random_state"": 42, ""n_jobs"": -1, ""tree_method"": ""hist"", ""learning_rate"": 0.1169015833287338, ""n_estimators"": 2900, ""max_depth"": 4, ""min_child_weight"": 8, ""subsample"": 0.9568342581243695, ""colsample_bytree"": 0.6274489537277841, ""reg_lambda"": 13.085138496902623, ""reg_alpha"": 4.606849240347116, ""gamma"": 1.9765378331296592}"
optuna_095,optuna,34.43757271017086,33.10212704257856,1.3354456675923045,28.482717165392373,12,"{""objective"": ""reg:absoluteerror"", ""eval_metric"": ""mae"", ""random_state"": 42, ""n_jobs"": -1, ""tree_method"": ""hist"", ""learning_rate"": 0.1036717640461625, ""n_estimators"": 2900, ""max_depth"": 4, ""min_child_weight"": 8, ""subsample"": 0.9314042883664537, ""colsample_bytree"": 0.7653811827774357, ""reg_lambda"": 4.731486019243264, ""reg_alpha"": 1.5180766773570842, ""gamma"": 1.5902018706499779}"
optuna_038,optuna,34.465603322426254,32.85354351533439,1.61205980709187,30.48353116170993,12,"{""objective"": ""reg:absoluteerror"", ""eval_metric"": ""mae"", ""random_state"": 42, ""n_jobs"": -1, ""tree_method"": ""hist"", ""learning_rate"": 0.04648173036952076, ""n_estimators"": 2900, ""max_depth"": 6, ""min_child_weight"": 11, ""subsample"": 0.9419525300222359, ""colsample_bytree"": 0.7227169698318849, ""reg_lambda"": 0.6930149067447214, ""reg_alpha"": 0.00010292874322632051, ""gamma"": 2.605484424342894}"
optuna_027,optuna,34.47839304181991,33.034486552071904,1.443906489748013,30.590767539269503,12,"{""objective"": ""reg:absoluteerror"", ""eval_metric"": ""mae"", ""random_state"": 42, ""n_jobs"": -1, ""tree_method"": ""hist"", ""learning_rate"": 0.05155376450910264, ""n_estimators"": 2900, ""max_depth"": 6, ""min_child_weight"": 11, ""subsample"": 0.7478295363040817, ""colsample_bytree"": 0.7912108321984976, ""reg_lambda"": 0.022039546018326583, ""reg_alpha"": 0.009081140809134098, ""gamma"": 2.789908871612348}"
random_033,random,34.48517899563219,32.90534001302919,1.5798389826029982,30.86978345346904,12,"{""objective"": ""reg:absoluteerror"", ""eval_metric"": ""mae"", ""random_state"": 42, ""n_jobs"": -1, ""tree_method"": ""hist"", ""learning_rate"": 0.03597860208020116, ""n_estimators"": 2900, ""max_depth"": 7, ""min_child_weight"": 9, ""subsample"": 0.8407123077405296, ""colsample_bytree"": 0.9902746230158496, ""reg_lambda"": 0.03052009418311113, ""reg_alpha"": 1.2682465893187742, ""gamma"": 2.375406506693099}"
random_013,random,34.49051217494205,32.86342895164733,1.6270832232947166,31.186745644457336,12,"{""objective"": ""reg:absoluteerror"", ""eval_metric"": ""mae"", ""random_state"": 42, ""n_jobs"": -1, ""tree_method"": ""hist"", ""learning_rate"": 0.14594904022837327, ""n_estimators"": 2900, ""max_depth"": 6, ""min_child_weight"": 7, ""subsample"": 0.7572810671387461, ""colsample_bytree"": 0.946158202654453, ""reg_lambda"": 0.01121773971990536, ""reg_alpha"": 0.004904371110989776, ""gamma"": 0.1932378449019403}"
random_058,random,34.522588833085614,32.83359771975688,1.688991113328731,31.726040638723106,12,"{""objective"": ""reg:absoluteerror"", ""eval_metric"": ""mae"", ""random_state"": 42, ""n_jobs"": -1, ""tree_method"": ""hist"", ""learning_rate"": 0.05658022556539351, ""n_estimators"": 2900, ""max_depth"": 8, ""min_child_weight"": 14, ""subsample"": 0.6679135369973599, ""colsample_bytree"": 0.8584708313528506, ""reg_lambda"": 1.5118312194523238, ""reg_alpha"": 3.248560654319185, ""gamma"": 0.6707799086832211}"
random_076,random,34.52491092292312,33.004810582903694,1.5201003400194246,30.91094551494555,12,"{""objective"": ""reg:absoluteerror"", ""eval_metric"": ""mae"", ""random_state"": 42, ""n_jobs"": -1, ""tree_method"": ""hist"", ""learning_rate"": 0.08068521869810925, ""n_estimators"": 2900, ""max_depth"": 6, ""min_child_weight"": 5, ""subsample"": 0.9721630287895451, ""colsample_bytree"": 0.9097624705572585, ""reg_lambda"": 8.955301636985103, ""reg_alpha"": 0.7218826838929906, ""gamma"": 1.3712476627022845}"
optuna_085,optuna,34.53660571955519,33.22715290581467,1.309452813740519,31.249893985090388,12,"{""objective"": ""reg:absoluteerror"", ""eval_metric"": ""mae"", ""random_state"": 42, ""n_jobs"": -1, ""tree_method"": ""hist"", ""learning_rate"": 0.13836778706599565, ""n_estimators"": 2900, ""max_depth"": 7, ""min_child_weight"": 4, ""subsample"": 0.999900550942902, ""colsample_bytree"": 0.6499807905560729, ""reg_lambda"": 3.3975471240502224, ""reg_alpha"": 1.8168690902608762, ""gamma"": 2.150486783926817}"
optuna_030,optuna,34.580826302375904,32.67539699407431,1.9054293083015932,30.030542774846484,12,"{""objective"": ""reg:absoluteerror"", ""eval_metric"": ""mae"", ""random_state"": 42, ""n_jobs"": -1, ""tree_method"": ""hist"", ""learning_rate"": 0.03193874426784791, ""n_estimators"": 2900, ""max_depth"": 5, ""min_child_weight"": 12, ""subsample"": 0.806028553365589, ""colsample_bytree"": 0.6389380926965811, ""reg_lambda"": 0.02186790409441628, ""reg_alpha"": 1.4793439333590628, ""gamma"": 2.526389241867953}"
random_041,random,34.58608723586624,31.818920184330896,2.7671670515353437,29.37914119403044,12,"{""objective"": ""reg:absoluteerror"", ""eval_metric"": ""mae"", ""random_state"": 42, ""n_jobs"": -1, ""tree_method"": ""hist"", ""learning_rate"": 0.06670965415969039, ""n_estimators"": 2900, ""max_depth"": 4, ""min_child_weight"": 8, ""subsample"": 0.7233137596310673, ""colsample_bytree"": 0.8585288400421404, ""reg_lambda"": 0.022170908900395785, ""reg_alpha"": 1.7889963740207073, ""gamma"": 1.9114228213901172}"
optuna_024,optuna,34.6026855678189,33.02885249523273,1.573833072586176,30.053095461238023,12,"{""objective"": ""reg:absoluteerror"", ""eval_metric"": ""mae"", ""random_state"": 42, ""n_jobs"": -1, ""tree_method"": ""hist"", ""learning_rate"": 0.10846648768511051, ""n_estimators"": 2900, ""max_depth"": 5, ""min_child_weight"": 12, ""subsample"": 0.79189901454423, ""colsample_bytree"": 0.7442578096512015, ""reg_lambda"": 0.07757930583149693, ""reg_alpha"": 0.011742649669006802, ""gamma"": 2.1176740207259193}"
optuna_069,optuna,34.61103152769988,32.657519108097446,1.953512419602434,30.22498921832871,12,"{""objective"": ""reg:absoluteerror"", ""eval_metric"": ""mae"", ""random_state"": 42, ""n_jobs"": -1, ""tree_method"": ""hist"", ""learning_rate"": 0.05113387891377446, ""n_estimators"": 2900, ""max_depth"": 5, ""min_child_weight"": 9, ""subsample"": 0.8794801089744232, ""colsample_bytree"": 0.6316589069122592, ""reg_lambda"": 1.903953167094123, ""reg_alpha"": 0.021496725595452102, ""gamma"": 1.7569754159419537}"
optuna_060,optuna,34.617905874841085,32.87549615831278,1.742409716528308,29.95420127251108,12,"{""objective"": ""reg:absoluteerror"", ""eval_metric"": ""mae"", ""random_state"": 42, ""n_jobs"": -1, ""tree_method"": ""hist"", ""learning_rate"": 0.0859378258514933, ""n_estimators"": 2900, ""max_depth"": 4, ""min_child_weight"": 6, ""subsample"": 0.9119979766998512, ""colsample_bytree"": 0.6984816157110033, ""reg_lambda"": 0.8326635551965279, ""reg_alpha"": 2.9567516251213246, ""gamma"": 1.4905983239523994}"
optuna_044,optuna,34.65472505949783,32.56763190288225,2.0870931566155795,29.101999987213638,12,"{""objective"": ""reg:absoluteerror"", ""eval_metric"": ""mae"", ""random_state"": 42, ""n_jobs"": -1, ""tree_method"": ""hist"", ""learning_rate"": 0.045789370799230726, ""n_estimators"": 2900, ""max_depth"": 3, ""min_child_weight"": 12, ""subsample"": 0.9230687944222863, ""colsample_bytree"": 0.8760275199844954, ""reg_lambda"": 0.49222442653093007, ""reg_alpha"": 0.0007675392665033403, ""gamma"": 1.3984522735640168}"
random_052,random,34.67096850693484,32.511625232464354,2.1593432744704897,31.003755442024683,12,"{""objective"": ""reg:absoluteerror"", ""eval_metric"": ""mae"", ""random_state"": 42, ""n_jobs"": -1, ""tree_method"": ""hist"", ""learning_rate"": 0.02032854896945375, ""n_estimators"": 2900, ""max_depth"": 7, ""min_child_weight"": 9, ""subsample"": 0.8290213319296734, ""colsample_bytree"": 0.7980195658033542, ""reg_lambda"": 3.129510572646346, ""reg_alpha"": 0.03148810132517926, ""gamma"": 1.0367250991258676}"
optuna_062,optuna,34.70039789844552,32.503154677553674,2.19724322089185,29.568670412408387,12,"{""objective"": ""reg:absoluteerror"", ""eval_metric"": ""mae"", ""random_state"": 42, ""n_jobs"": -1, ""tree_method"": ""hist"", ""learning_rate"": 0.09283805975174785, ""n_estimators"": 2900, ""max_depth"": 4, ""min_child_weight"": 9, ""subsample"": 0.781750338228628, ""colsample_bytree"": 0.6127921173692287, ""reg_lambda"": 0.029175461624983724, ""reg_alpha"": 0.30735109474636974, ""gamma"": 1.9598478248376499}"
optuna_079,optuna,34.71765942994993,33.07956698133689,1.638092448613045,31.165599888338296,12,"{""objective"": ""reg:absoluteerror"", ""eval_metric"": ""mae"", ""random_state"": 42, ""n_jobs"": -1, ""tree_method"": ""hist"", ""learning_rate"": 0.12553922887835262, ""n_estimators"": 2900, ""max_depth"": 3, ""min_child_weight"": 3, ""subsample"": 0.9762807547539097, ""colsample_bytree"": 0.642982782009928, ""reg_lambda"": 10.072662981243484, ""reg_alpha"": 0.0645650704469621, ""gamma"": 1.8733380534841597}"
optuna_082,optuna,34.72091191308259,32.96574645706744,1.7551654560151502,29.854488760663767,12,"{""objective"": ""reg:absoluteerror"", ""eval_metric"": ""mae"", ""random_state"": 42, ""n_jobs"": -1, ""tree_method"": ""hist"", ""learning_rate"": 0.11239194717189989, ""n_estimators"": 2900, ""max_depth"": 3, ""min_child_weight"": 6, ""subsample"": 0.9929135537055236, ""colsample_bytree"": 0.7117014573670591, ""reg_lambda"": 13.558532877989087, ""reg_alpha"": 0.07639867786497813, ""gamma"": 1.9283746301060343}"
optuna_017,optuna,34.72255161010223,32.89884868758873,1.823702922513496,29.351977977171593,12,"{""objective"": ""reg:absoluteerror"", ""eval_metric"": ""mae"", ""random_state"": 42, ""n_jobs"": -1, ""tree_method"": ""hist"", ""learning_rate"": 0.14601669999689182, ""n_estimators"": 2900, ""max_depth"": 4, ""min_child_weight"": 13, ""subsample"": 0.766985095746185, ""colsample_bytree"": 0.6003693129318426, ""reg_lambda"": 0.0369868936000199, ""reg_alpha"": 0.613423164514836, ""gamma"": 2.9367121021453535}"
random_062,random,34.726946959192,32.53366820482735,2.193278754364646,29.44795832182528,12,"{""objective"": ""reg:absoluteerror"", ""eval_metric"": ""mae"", ""random_state"": 42, ""n_jobs"": -1, ""tree_method"": ""hist"", ""learning_rate"": 0.1193934077385147, ""n_estimators"": 2900, ""max_depth"": 3, ""min_child_weight"": 5, ""subsample"": 0.6265601159135692, ""colsample_bytree"": 0.8576827159480886, ""reg_lambda"": 0.11907190031812552, ""reg_alpha"": 0.00013614600458509947, ""gamma"": 0.7422713675968654}"
random_073,random,34.73391969384595,33.04302893533127,1.6908907585146764,31.030858453154565,12,"{""objective"": ""reg:absoluteerror"", ""eval_metric"": ""mae"", ""random_state"": 42, ""n_jobs"": -1, ""tree_method"": ""hist"", ""learning_rate"": 0.06137044579229183, ""n_estimators"": 2900, ""max_depth"": 6, ""min_child_weight"": 14, ""subsample"": 0.988865539903975, ""colsample_bytree"": 0.8309025324685585, ""reg_lambda"": 5.8623526312154635, ""reg_alpha"": 0.00037656254749725927, ""gamma"": 0.8110160217724071}"
optuna_033,optuna,34.813808994042255,32.922774750869664,1.891034243172592,30.550602196431765,12,"{""objective"": ""reg:absoluteerror"", ""eval_metric"": ""mae"", ""random_state"": 42, ""n_jobs"": -1, ""tree_method"": ""hist"", ""learning_rate"": 0.041533406120529824, ""n_estimators"": 2900, ""max_depth"": 6, ""min_child_weight"": 11, ""subsample"": 0.8740560796144824, ""colsample_bytree"": 0.6404992837495016, ""reg_lambda"": 0.055251499137511983, ""reg_alpha"": 0.04403638635340595, ""gamma"": 2.610721504284558}"
random_001,random,34.819430609812855,33.603677571709795,1.2157530381030561,32.63446998445223,12,"{""objective"": ""reg:absoluteerror"", ""eval_metric"": ""mae"", ""random_state"": 42, ""n_jobs"": -1, ""tree_method"": ""hist"", ""learning_rate"": 0.13929193748061774, ""n_estimators"": 2900, ""max_depth"": 8, ""min_child_weight"": 2, ""subsample"": 0.9738071445218383, ""colsample_bytree"": 0.7705126353197764, ""reg_lambda"": 0.022966580971389775, ""reg_alpha"": 0.20866047659387382, ""gamma"": 1.518333235478877}"
optuna_001,optuna,34.88598514285126,33.10346136102455,1.7825237818267117,30.50268431053256,12,"{""objective"": ""reg:absoluteerror"", ""eval_metric"": ""mae"", ""random_state"": 42, ""n_jobs"": -1, ""tree_method"": ""hist"", ""learning_rate"": 0.05092911283433821, ""n_estimators"": 2900, ""max_depth"": 7, ""min_child_weight"": 1, ""subsample"": 0.9879639408647978, ""colsample_bytree"": 0.9329770563201687, ""reg_lambda"": 0.039829941698924086, ""reg_alpha"": 0.000994890105809074, ""gamma"": 0.5502135295603015}"
optuna_047,optuna,34.90572437526077,32.97331692480617,1.9324074504545952,30.127866385943076,12,"{""objective"": ""reg:absoluteerror"", ""eval_metric"": ""mae"", ""random_state"": 42, ""n_jobs"": -1, ""tree_method"": ""hist"", ""learning_rate"": 0.03889838009450145, ""n_estimators"": 2900, ""max_depth"": 3, ""min_child_weight"": 13, ""subsample"": 0.9724631470429347, ""colsample_bytree"": 0.8560302505160339, ""reg_lambda"": 0.4415145238343455, ""reg_alpha"": 0.000233419259848064, ""gamma"": 1.6219743126855861}"
optuna_098,optuna,34.92169384415405,33.499600670178765,1.4220931739752867,31.29831583486451,12,"{""objective"": ""reg:absoluteerror"", ""eval_metric"": ""mae"", ""random_state"": 42, ""n_jobs"": -1, ""tree_method"": ""hist"", ""learning_rate"": 0.12910126077770828, ""n_estimators"": 2900, ""max_depth"": 6, ""min_child_weight"": 9, ""subsample"": 0.9461937130803086, ""colsample_bytree"": 0.7890393969560087, ""reg_lambda"": 1.2759279715698528, ""reg_alpha"": 2.194799841582662, ""gamma"": 1.8243754313686054}"
random_014,random,34.92746428985756,32.843063579508645,2.084400710348917,30.703902295524678,12,"{""objective"": ""reg:absoluteerror"", ""eval_metric"": ""mae"", ""random_state"": 42, ""n_jobs"": -1, ""tree_method"": ""hist"", ""learning_rate"": 0.04065976274596941, ""n_estimators"": 2900, ""max_depth"": 6, ""min_child_weight"": 8, ""subsample"": 0.7858370380977254, ""colsample_bytree"": 0.8474460969689724, ""reg_lambda"": 0.31864160537235064, ""reg_alpha"": 3.228982998369843, ""gamma"": 2.993278666523998}"
random_067,random,34.930953710344916,33.19974270557934,1.7312110047655787,31.172838425711642,12,"{""objective"": ""reg:absoluteerror"", ""eval_metric"": ""mae"", ""random_state"": 42, ""n_jobs"": -1, ""tree_method"": ""hist"", ""learning_rate"": 0.050428197112004164, ""n_estimators"": 2900, ""max_depth"": 6, ""min_child_weight"": 5, ""subsample"": 0.6595051699155403, ""colsample_bytree"": 0.9063810472093574, ""reg_lambda"": 3.320823991423456, ""reg_alpha"": 0.0064186196728269465, ""gamma"": 2.107461015324276}"
random_074,random,34.96686161273846,32.90906643654444,2.0577951761940168,30.963804140405564,12,"{""objective"": ""reg:absoluteerror"", ""eval_metric"": ""mae"", ""random_state"": 42, ""n_jobs"": -1, ""tree_method"": ""hist"", ""learning_rate"": 0.029548226463614272, ""n_estimators"": 2900, ""max_depth"": 8, ""min_child_weight"": 14, ""subsample"": 0.8309972408912276, ""colsample_bytree"": 0.7680551497546458, ""reg_lambda"": 0.1554934370557868, ""reg_alpha"": 0.1480507820361509, ""gamma"": 0.9038435871726949}"
optuna_089,optuna,34.97511244393142,32.538496990079054,2.436615453852372,30.325759252621065,12,"{""objective"": ""reg:absoluteerror"", ""eval_metric"": ""mae"", ""random_state"": 42, ""n_jobs"": -1, ""tree_method"": ""hist"", ""learning_rate"": 0.09081436420562777, ""n_estimators"": 2900, ""max_depth"": 5, ""min_child_weight"": 9, ""subsample"": 0.9439761287340129, ""colsample_bytree"": 0.6772708500046701, ""reg_lambda"": 1.682683154558418, ""reg_alpha"": 0.6809907558634268, ""gamma"": 1.6808785825935275}"
optuna_010,optuna,35.017381788243576,33.399491972713705,1.6178898155298693,30.20193801575794,12,"{""objective"": ""reg:absoluteerror"", ""eval_metric"": ""mae"", ""random_state"": 42, ""n_jobs"": -1, ""tree_method"": ""hist"", ""learning_rate"": 0.12929056349872906, ""n_estimators"": 2900, ""max_depth"": 3, ""min_child_weight"": 6, ""subsample"": 0.6071847502459279, ""colsample_bytree"": 0.7090747508804338, ""reg_lambda"": 14.730992938434454, ""reg_alpha"": 0.1751661942144693, ""gamma"": 2.0297171392283393}"
random_027,random,35.02659621499514,32.52337279376447,2.5032234212306643,29.460675768075184,12,"{""objective"": ""reg:absoluteerror"", ""eval_metric"": ""mae"", ""random_state"": 42, ""n_jobs"": -1, ""tree_method"": ""hist"", ""learning_rate"": 0.1179417096531268, ""n_estimators"": 2900, ""max_depth"": 4, ""min_child_weight"": 6, ""subsample"": 0.6174363910548218, ""colsample_bytree"": 0.7274802221445147, ""reg_lambda"": 1.2052872208241705, ""reg_alpha"": 0.0002264867437313048, ""gamma"": 1.8427493395728403}"
optuna_046,optuna,35.078994471945784,32.78595613135801,2.2930383405877723,31.120244574529842,12,"{""objective"": ""reg:absoluteerror"", ""eval_metric"": ""mae"", ""random_state"": 42, ""n_jobs"": -1, ""tree_method"": ""hist"", ""learning_rate"": 0.03178299086216091, ""n_estimators"": 2900, ""max_depth"": 7, ""min_child_weight"": 15, ""subsample"": 0.9402948420481169, ""colsample_bytree"": 0.7625935019490401, ""reg_lambda"": 0.21107026867981413, ""reg_alpha"": 0.000687622056738311, ""gamma"": 0.8560183564500286}"
random_006,random,35.08081226979476,32.38297453719161,2.6978377326031526,30.632929689727572,12,"{""objective"": ""reg:absoluteerror"", ""eval_metric"": ""mae"", ""random_state"": 42, ""n_jobs"": -1, ""tree_method"": ""hist"", ""learning_rate"": 0.01901159191765081, ""n_estimators"": 2900, ""max_depth"": 6, ""min_child_weight"": 1, ""subsample"": 0.693547597976856, ""colsample_bytree"": 0.8481788163094311, ""reg_lambda"": 3.2551636055764877, ""reg_alpha"": 0.2464969348463328, ""gamma"": 1.3059139547752547}"
random_035,random,35.09796002276546,32.85306071511101,2.2448993076544506,30.35240987972705,12,"{""objective"": ""reg:absoluteerror"", ""eval_metric"": ""mae"", ""random_state"": 42, ""n_jobs"": -1, ""tree_method"": ""hist"", ""learning_rate"": 0.03191645620882445, ""n_estimators"": 2900, ""max_depth"": 6, ""min_child_weight"": 5, ""subsample"": 0.8718686848284184, ""colsample_bytree"": 0.9236554552152124, ""reg_lambda"": 0.16983183476617522, ""reg_alpha"": 0.003635985051799253, ""gamma"": 2.1975101700626563}"
optuna_004,optuna,35.14521289176182,32.543794929242544,2.6014179625192786,30.753519389905843,12,"{""objective"": ""reg:absoluteerror"", ""eval_metric"": ""mae"", ""random_state"": 42, ""n_jobs"": -1, ""tree_method"": ""hist"", ""learning_rate"": 0.011926324174062874, ""n_estimators"": 2900, ""max_depth"": 8, ""min_child_weight"": 15, ""subsample"": 0.9233589392465844, ""colsample_bytree"": 0.7218455076693483, ""reg_lambda"": 1.8141523033666782, ""reg_alpha"": 0.00028771223716237863, ""gamma"": 1.320457481218804}"
optuna_084,optuna,35.166461561134696,33.1454950118801,2.0209665492545987,32.35314374370923,12,"{""objective"": ""reg:absoluteerror"", ""eval_metric"": ""mae"", ""random_state"": 42, ""n_jobs"": -1, ""tree_method"": ""hist"", ""learning_rate"": 0.13471956170447796, ""n_estimators"": 2900, ""max_depth"": 5, ""min_child_weight"": 4, ""subsample"": 0.9773375140841389, ""colsample_bytree"": 0.684142279770126, ""reg_lambda"": 0.3405298731150915, ""reg_alpha"": 0.09874098820859908, ""gamma"": 1.8323331250567345}"
random_031,random,35.18370396757283,33.260665969219154,1.92303799835368,31.46773557757448,12,"{""objective"": ""reg:absoluteerror"", ""eval_metric"": ""mae"", ""random_state"": 42, ""n_jobs"": -1, ""tree_method"": ""hist"", ""learning_rate"": 0.10415209171087161, ""n_estimators"": 2900, ""max_depth"": 7, ""min_child_weight"": 5, ""subsample"": 0.6325532735290696, ""colsample_bytree"": 0.8466923623340723, ""reg_lambda"": 0.044562852607297844, ""reg_alpha"": 0.009031557479211375, ""gamma"": 0.5378210072225829}"
optuna_003,optuna,35.20439893021809,33.17288380990111,2.031515120316985,30.96812198849217,12,"{""objective"": ""reg:absoluteerror"", ""eval_metric"": ""mae"", ""random_state"": 42, ""n_jobs"": -1, ""tree_method"": ""hist"", ""learning_rate"": 0.03438586247938296, ""n_estimators"": 2900, ""max_depth"": 7, ""min_child_weight"": 3, ""subsample"": 0.8056937753654446, ""colsample_bytree"": 0.836965827544817, ""reg_lambda"": 1.0128002032729382, ""reg_alpha"": 0.0001652985698323788, ""gamma"": 0.5115723710618746}"
random_039,random,35.226822784975454,33.208418825248344,2.0184039597271126,28.109920009308613,12,"{""objective"": ""reg:absoluteerror"", ""eval_metric"": ""mae"", ""random_state"": 42, ""n_jobs"": -1, ""tree_method"": ""hist"", ""learning_rate"": 0.11324281497789286, ""n_estimators"": 2900, ""max_depth"": 3, ""min_child_weight"": 8, ""subsample"": 0.6332546558735458, ""colsample_bytree"": 0.6450889182024918, ""reg_lambda"": 0.2963963232796465, ""reg_alpha"": 0.0019273694076300488, ""gamma"": 2.0382725121226417}"
random_056,random,35.22919981202724,32.90064551422165,2.3285542978055886,30.784213082571473,12,"{""objective"": ""reg:absoluteerror"", ""eval_metric"": ""mae"", ""random_state"": 42, ""n_jobs"": -1, ""tree_method"": ""hist"", ""learning_rate"": 0.027499458000048594, ""n_estimators"": 2900, ""max_depth"": 8, ""min_child_weight"": 1, ""subsample"": 0.9789299156136924, ""colsample_bytree"": 0.9465185789664892, ""reg_lambda"": 0.05378575908191223, ""reg_alpha"": 0.000915940171078593, ""gamma"": 0.9056641112294448}"
optuna_000,optuna,35.261863951953615,32.85771108008118,2.404152871872437,31.149717710802317,12,"{""objective"": ""reg:absoluteerror"", ""eval_metric"": ""mae"", ""random_state"": 42, ""n_jobs"": -1, ""tree_method"": ""hist"", ""learning_rate"": 0.02757359293934948, ""n_estimators"": 2900, ""max_depth"": 8, ""min_child_weight"": 11, ""subsample"": 0.8394633936788146, ""colsample_bytree"": 0.6624074561769746, ""reg_lambda"": 0.01555019165426488, ""reg_alpha"": 0.0005407712220288125, ""gamma"": 2.5985284373248057}"
random_037,random,35.290546363008076,32.576803686050525,2.713742676957548,31.55299721234775,12,"{""objective"": ""reg:absoluteerror"", ""eval_metric"": ""mae"", ""random_state"": 42, ""n_jobs"": -1, ""tree_method"": ""hist"", ""learning_rate"": 0.0146024014173433, ""n_estimators"": 2900, ""max_depth"": 7, ""min_child_weight"": 3, ""subsample"": 0.7533553328626486, ""colsample_bytree"": 0.8590172504961565, ""reg_lambda"": 7.853550382598049, ""reg_alpha"": 0.00038489006526848857, ""gamma"": 1.3187018768555934}"
random_055,random,35.30052219004183,32.78107785159894,2.5194443384428977,31.30788004592745,12,"{""objective"": ""reg:absoluteerror"", ""eval_metric"": ""mae"", ""random_state"": 42, ""n_jobs"": -1, ""tree_method"": ""hist"", ""learning_rate"": 0.015057347859235525, ""n_estimators"": 2900, ""max_depth"": 6, ""min_child_weight"": 13, ""subsample"": 0.8775638033132804, ""colsample_bytree"": 0.689835213360203, ""reg_lambda"": 1.9113945119991533, ""reg_alpha"": 0.0015971220598882023, ""gamma"": 2.8989292119384102}"
random_063,random,35.31616891780497,32.934155738239916,2.3820131795650576,31.328065392601832,12,"{""objective"": ""reg:absoluteerror"", ""eval_metric"": ""mae"", ""random_state"": 42, ""n_jobs"": -1, ""tree_method"": ""hist"", ""learning_rate"": 0.03153878096975039, ""n_estimators"": 2900, ""max_depth"": 7, ""min_child_weight"": 11, ""subsample"": 0.9977384348676582, ""colsample_bytree"": 0.8836632598716658, ""reg_lambda"": 8.044394454778791, ""reg_alpha"": 0.0036192409953755187, ""gamma"": 1.2536812489203855}"
random_051,random,35.39021062002739,32.97702493907391,2.413185680953479,31.469710439935835,12,"{""objective"": ""reg:absoluteerror"", ""eval_metric"": ""mae"", ""random_state"": 42, ""n_jobs"": -1, ""tree_method"": ""hist"", ""learning_rate"": 0.050755882134266184, ""n_estimators"": 2900, ""max_depth"": 8, ""min_child_weight"": 12, ""subsample"": 0.9032078148939647, ""colsample_bytree"": 0.8663662430556748, ""reg_lambda"": 1.5286736918194679, ""reg_alpha"": 0.0951905174344278, ""gamma"": 2.892245667366068}"
optuna_037,optuna,35.394704302007774,32.913028589708645,2.481675712299132,31.599298056973634,12,"{""objective"": ""reg:absoluteerror"", ""eval_metric"": ""mae"", ""random_state"": 42, ""n_jobs"": -1, ""tree_method"": ""hist"", ""learning_rate"": 0.03805302399766505, ""n_estimators"": 2900, ""max_depth"": 8, ""min_child_weight"": 8, ""subsample"": 0.8640137149210539, ""colsample_bytree"": 0.8773394984414487, ""reg_lambda"": 0.023740249727758067, ""reg_alpha"": 0.1873850889168987, ""gamma"": 2.8249233839245576}"
random_057,random,35.55459866704799,32.84507759057283,2.7095210764751605,31.619774295466758,12,"{""objective"": ""reg:absoluteerror"", ""eval_metric"": ""mae"", ""random_state"": 42, ""n_jobs"": -1, ""tree_method"": ""hist"", ""learning_rate"": 0.05065434890908302, ""n_estimators"": 2900, ""max_depth"": 7, ""min_child_weight"": 8, ""subsample"": 0.8150656764757, ""colsample_bytree"": 0.7484587555630596, ""reg_lambda"": 1.6052176450552211, ""reg_alpha"": 0.0663129107247366, ""gamma"": 1.7198043041279212}"
random_030,random,35.88366518003758,34.24729681262654,1.636368367411045,33.37650706246705,12,"{""objective"": ""reg:absoluteerror"", ""eval_metric"": ""mae"", ""random_state"": 42, ""n_jobs"": -1, ""tree_method"": ""hist"", ""learning_rate"": 0.12628070696695773, ""n_estimators"": 2900, ""max_depth"": 8, ""min_child_weight"": 3, ""subsample"": 0.7858819666341408, ""colsample_bytree"": 0.7392922529547561, ""reg_lambda"": 0.031039660613684076, ""reg_alpha"": 0.0015762169503051396, ""gamma"": 0.5973494123955597}"
random_010,random,35.90388290490491,32.75225118935201,3.1516317155529006,32.46795846861126,12,"{""objective"": ""reg:absoluteerror"", ""eval_metric"": ""mae"", ""random_state"": 42, ""n_jobs"": -1, ""tree_method"": ""hist"", ""learning_rate"": 0.07926036941873048, ""n_estimators"": 2900, ""max_depth"": 7, ""min_child_weight"": 11, ""subsample"": 0.705686937303616, ""colsample_bytree"": 0.8028653799931488, ""reg_lambda"": 9.245031280273396, ""reg_alpha"": 0.006450063437064175, ""gamma"": 1.2842410069107477}"
random_000,random,35.9109637621294,32.89291455783596,3.0180492042934395,32.26456735677971,12,"{""objective"": ""reg:absoluteerror"", ""eval_metric"": ""mae"", ""random_state"": 42, ""n_jobs"": -1, ""tree_method"": ""hist"", ""learning_rate"": 0.04911840953875897, ""n_estimators"": 2900, ""max_depth"": 7, ""min_child_weight"": 13, ""subsample"": 0.6467775120989, ""colsample_bytree"": 0.7509718434702743, ""reg_lambda"": 0.033814087539727034, ""reg_alpha"": 0.0007503107974349392, ""gamma"": 0.017458740089110858}"
random_068,random,35.97828585368338,33.31720404455293,2.6610818091304536,31.891640656817138,12,"{""objective"": ""reg:absoluteerror"", ""eval_metric"": ""mae"", ""random_state"": 42, ""n_jobs"": -1, ""tree_method"": ""hist"", ""learning_rate"": 0.05037343597235297, ""n_estimators"": 2900, ""max_depth"": 8, ""min_child_weight"": 4, ""subsample"": 0.8766800687358827, ""colsample_bytree"": 0.7493729782503749, ""reg_lambda"": 0.024820416218091, ""reg_alpha"": 0.08517548935639575, ""gamma"": 0.7858169544529323}"
random_004,random,36.30641198977006,33.918557134305324,2.3878548554647385,31.621909312856317,12,"{""objective"": ""reg:absoluteerror"", ""eval_metric"": ""mae"", ""random_state"": 42, ""n_jobs"": -1, ""tree_method"": ""hist"", ""learning_rate"": 0.12956631279173572, ""n_estimators"": 2900, ""max_depth"": 8, ""min_child_weight"": 15, ""subsample"": 0.9132755146835825, ""colsample_bytree"": 0.9961408576240345, ""reg_lambda"": 0.09414312562635281, ""reg_alpha"": 0.0001248105269545463, ""gamma"": 2.9138054704815524}"
random_050,random,36.57852682711303,33.68870941415761,2.8898174129554235,30.94217148374711,12,"{""objective"": ""reg:absoluteerror"", ""eval_metric"": ""mae"", ""random_state"": 42, ""n_jobs"": -1, ""tree_method"": ""hist"", ""learning_rate"": 0.09647747669906324, ""n_estimators"": 2900, ""max_depth"": 6, ""min_child_weight"": 6, ""subsample"": 0.7154569902774958, ""colsample_bytree"": 0.9380670115447663, ""reg_lambda"": 0.3034417923021968, ""reg_alpha"": 0.0001439186870402663, ""gamma"": 1.316148398906979}"
random_077,random,36.61550716521968,33.86747322672064,2.7480339384990398,34.147676122771045,12,"{""objective"": ""reg:absoluteerror"", ""eval_metric"": ""mae"", ""random_state"": 42, ""n_jobs"": -1, ""tree_method"": ""hist"", ""learning_rate"": 0.07134797981731027, ""n_estimators"": 2900, ""max_depth"": 8, ""min_child_weight"": 2, ""subsample"": 0.6383961654435079, ""colsample_bytree"": 0.809608924858384, ""reg_lambda"": 0.05301238499600053, ""reg_alpha"": 4.047225927931705, ""gamma"": 2.702414263045834}"
random_043,random,36.76258019591599,33.77623423120289,2.9863459647130974,32.155400125989225,12,"{""objective"": ""reg:absoluteerror"", ""eval_metric"": ""mae"", ""random_state"": 42, ""n_jobs"": -1, ""tree_method"": ""hist"", ""learning_rate"": 0.13756137036725388, ""n_estimators"": 2900, ""max_depth"": 5, ""min_child_weight"": 3, ""subsample"": 0.6003830862925816, ""colsample_bytree"": 0.8660554575731558, ""reg_lambda"": 7.819700510378114, ""reg_alpha"": 0.00030685722078883633, ""gamma"": 2.2649624085069453}"
random_066,random,38.270209829551234,33.552990242286974,4.7172195872642595,36.153649156570765,12,"{""objective"": ""reg:absoluteerror"", ""eval_metric"": ""mae"", ""random_state"": 42, ""n_jobs"": -1, ""tree_method"": ""hist"", ""learning_rate"": 0.11363602030970837, ""n_estimators"": 2900, ""max_depth"": 8, ""min_child_weight"": 7, ""subsample"": 0.6123601702749336, ""colsample_bytree"": 0.9782579284956014, ""reg_lambda"": 10.728403159550314, ""reg_alpha"": 0.0003083233280963671, ""gamma"": 1.283503316162638}"
